task,best_val_mcc,n_candidates,student_path
H2AFZ,0.5031512916999265,1,/extra/zhanglab0/INDV/pengchx3/OmegaGenome/outputs/nt_distillation/hyperparam/H2AFZ/20251019_043126/eb72cbf9-e5e2-4bd5-85b4-8e42fd306a34/distill_methodvanilla_dkd_alpha1.0_dkd_beta8.0_kl_methodkl_temperature0.5_weight_ce0.5_weight_kl0.0_weight_mse0.0_zscoreFalse/best_model/student.pt
H3K27ac,0.4740106739445067,1,/extra/zhanglab0/INDV/pengchx3/OmegaGenome/outputs/nt_distillation/hyperparam/H3K27ac/20251019_043228/20149f15-0221-4e69-9ed2-1f827c681fe2/distill_methodvanilla_dkd_alpha1.0_dkd_beta8.0_kl_methodkl_temperature0.5_weight_ce0.5_weight_kl0.0_weight_mse0.0_zscoreFalse/best_model/student.pt
H3K27me3,0.5808970472438131,1,/extra/zhanglab0/INDV/pengchx3/OmegaGenome/outputs/nt_distillation/hyperparam/H3K27me3/20251019_025411/c2a27d6d-150c-430f-8666-64e7c8ab350b/distill_methodvanilla_dkd_alpha1.0_dkd_beta8.0_kl_methodkl_temperature0.5_weight_ce0.5_weight_kl0.0_weight_mse0.0_zscoreFalse/best_model/student.pt
H3K36me3,0.6082955184756669,1,/extra/zhanglab0/INDV/pengchx3/OmegaGenome/outputs/nt_distillation/hyperparam/H3K36me3/20251019_025412/adc82970-0f36-4e68-bc05-ca666f4ea37c/distill_methodvanilla_dkd_alpha1.0_dkd_beta8.0_kl_methodkl_temperature0.5_weight_ce0.5_weight_kl0.0_weight_mse0.0_zscoreFalse/best_model/student.pt
H3K4me1,0.47752609815503233,1,/extra/zhanglab0/INDV/pengchx3/OmegaGenome/outputs/nt_distillation/hyperparam/H3K4me1/20251019_043251/0455896d-6ed5-4d9c-9675-89d5068f0793/distill_methodvanilla_dkd_alpha1.0_dkd_beta8.0_kl_methodkl_temperature0.5_weight_ce0.5_weight_kl0.0_weight_mse0.0_zscoreFalse/best_model/student.pt
H3K4me2,0.566108483429341,1,/extra/zhanglab0/INDV/pengchx3/OmegaGenome/outputs/nt_distillation/hyperparam/H3K4me2/20251019_060718/49fba59f-40bf-4226-a201-37307e24d7b8/distill_methodvanilla_dkd_alpha1.0_dkd_beta8.0_kl_methodkl_temperature0.5_weight_ce0.5_weight_kl0.0_weight_mse0.0_zscoreFalse/best_model/student.pt
H3K4me3,0.6553958819027332,1,/extra/zhanglab0/INDV/pengchx3/OmegaGenome/outputs/nt_distillation/hyperparam/H3K4me3/20251019_061003/15463e49-5b12-4d20-8f74-14e78a74b7c8/distill_methodvanilla_dkd_alpha1.0_dkd_beta8.0_kl_methodkl_temperature0.5_weight_ce0.5_weight_kl0.0_weight_mse0.0_zscoreFalse/best_model/student.pt
H3K9ac,0.5426919784000167,1,/extra/zhanglab0/INDV/pengchx3/OmegaGenome/outputs/nt_distillation/hyperparam/H3K9ac/20251019_061121/2f74f376-2302-46b0-b334-9799a3553260/distill_methodvanilla_dkd_alpha1.0_dkd_beta8.0_kl_methodkl_temperature0.5_weight_ce0.5_weight_kl0.0_weight_mse0.0_zscoreFalse/best_model/student.pt
H3K9me3,0.41906545439132714,1,/extra/zhanglab0/INDV/pengchx3/OmegaGenome/outputs/nt_distillation/hyperparam/H3K9me3/20251019_070534/af42cf52-55bd-4a9c-9a71-2148e4889282/distill_methodvanilla_dkd_alpha1.0_dkd_beta8.0_kl_methodkl_temperature0.5_weight_ce0.5_weight_kl0.0_weight_mse0.0_zscoreFalse/best_model/student.pt
H4K20me1,0.610745089196104,1,/extra/zhanglab0/INDV/pengchx3/OmegaGenome/outputs/nt_distillation/hyperparam/H4K20me1/20251019_025431/0885cb06-97d4-4c35-aa32-bd132d691d30/distill_methodvanilla_dkd_alpha1.0_dkd_beta8.0_kl_methodkl_temperature0.5_weight_ce0.5_weight_kl0.0_weight_mse0.0_zscoreFalse/best_model/student.pt
promoter_all,0.7390999813472335,1,/extra/zhanglab0/INDV/pengchx3/OmegaGenome/outputs/nt_distillation/hyperparam/promoter_all/20251019_072434/c87acbd8-8284-4972-bea1-f8e79d28949b/distill_methodvanilla_dkd_alpha1.0_dkd_beta8.0_kl_methodkl_temperature0.5_weight_ce0.5_weight_kl0.0_weight_mse0.0_zscoreFalse/best_model/student.pt
promoter_no_tata,0.7428631528600099,1,/extra/zhanglab0/INDV/pengchx3/OmegaGenome/outputs/nt_distillation/hyperparam/promoter_no_tata/20251019_080038/2ba75074-324a-4dd9-9975-2df734c6eead/distill_methodvanilla_dkd_alpha1.0_dkd_beta8.0_kl_methodkl_temperature0.5_weight_ce0.5_weight_kl0.0_weight_mse0.0_zscoreFalse/best_model/student.pt
promoter_tata,0.8424371179086664,1,/extra/zhanglab0/INDV/pengchx3/OmegaGenome/outputs/nt_distillation/hyperparam/promoter_tata/20251019_074319/38227363-20a2-4a9d-93ae-87687c853c24/distill_methodvanilla_dkd_alpha1.0_dkd_beta8.0_kl_methodkl_temperature0.5_weight_ce0.5_weight_kl0.0_weight_mse0.0_zscoreFalse/best_model/student.pt
enhancers,0.5076824058216994,1,/extra/zhanglab0/INDV/pengchx3/OmegaGenome/outputs/nt_distillation/hyperparam/enhancers/20251019_083047/471ac827-fc51-43d2-bce2-92e482073ad4/distill_methodvanilla_dkd_alpha1.0_dkd_beta8.0_kl_methodkl_temperature0.5_weight_ce0.5_weight_kl0.0_weight_mse0.0_zscoreFalse/best_model/student.pt
enhancers_types,0.4811760989966948,10,/extra/zhanglab0/INDV/pengchx3/OmegaGenome/outputs/nt_distillation/hyperparam/enhancers_types/20251019_085832/53916c17-1796-4f94-98d0-3d01c1adc5ed/distill_methodvanilla_dkd_alpha1.0_dkd_beta8.0_kl_methodkl_temperature0.5_weight_ce0.5_weight_kl0.0_weight_mse0.0_zscoreFalse/best_model/student.pt
splice_sites_all,0.8315200505455328,11,/extra/zhanglab0/INDV/pengchx3/OmegaGenome/outputs/nt_distillation/hyperparam/splice_sites_all/20251019_093358/45640adc-ad6e-492b-b70b-bc1bd749af87/distill_methodvanilla_dkd_alpha1.0_dkd_beta8.0_kl_methodkl_temperature0.5_weight_ce0.5_weight_kl0.0_weight_mse0.0_zscoreFalse/best_model/student.pt
splice_sites_acceptors,0.8700299030716446,2,/extra/zhanglab0/INDV/pengchx3/OmegaGenome/outputs/nt_distillation/hyperparam/splice_sites_acceptors/20251029_030016/8405fbe8-6b86-48a7-966c-78d81ad3eb45/distill_methodvanilla_dkd_alpha1.0_dkd_beta8.0_kl_methodkl_temperature0.5_weight_ce0.5_weight_kl0.0_weight_mse0.0_zscoreFalse/best_model/student.pt
splice_sites_donors,0.9347789189351806,12,/extra/zhanglab0/INDV/pengchx3/OmegaGenome_different_version/OmegaGenome_11_1_fix_ckpt/OmegaGenome/output/12102025/135642/nt_distillation/method_hyperparam/splice_sites_donors/20251210_140336/a2ae1979-c24f-4b53-b001-8fadf3e4c199/distill_methoddkd_dkd_alpha0.5_dkd_beta4.0_kl_methodkl_temperature0.5_weight_ce0.5_weight_kl0.0_weight_mse0.0_zscoreFalse/best_model/student.pt
