student_task,H2AFZ,H3K27ac,H3K27me3,H3K36me3,H3K4me1,H3K4me2,H3K4me3,H3K9ac,H3K9me3,H4K20me1,promoter_all,promoter_no_tata,promoter_tata,enhancers,enhancers_types,splice_sites_all,splice_sites_acceptors,splice_sites_donors
H2AFZ,0.7437,0.7246,0.7287,0.6830,0.7173,0.7540,0.7294,0.7331,0.5741,0.7194,0.7538,0.7595,0.7217,0.7253,,,0.6160,0.6153
H3K27ac,0.7280,0.7351,0.6987,0.6830,0.7110,0.7320,0.7229,0.7371,0.5800,0.7066,0.5928,0.6035,0.5849,0.5687,,,0.5700,0.5723
H3K27me3,0.7050,0.6739,0.7847,0.7270,0.7017,0.7423,0.7139,0.6922,0.5506,0.7683,0.5082,0.5080,0.5000,0.5737,,,0.6483,0.6460
H3K36me3,0.6650,0.6460,0.7273,0.7863,0.6627,0.7095,0.6276,0.6345,0.6200,0.7696,0.5000,0.5000,0.5000,0.5210,,,0.6003,0.5930
H3K4me1,0.7063,0.6931,0.7447,0.7177,0.7337,0.7240,0.6340,0.6733,0.5976,0.7507,0.4242,0.4118,0.4434,0.5177,,,0.5477,0.5380
H3K4me2,0.7420,0.7054,0.7580,0.7190,0.7103,0.7629,0.7371,0.7470,0.5918,0.7683,0.5480,0.5510,0.5377,0.6173,,,0.6320,0.6497
H3K4me3,0.6800,0.6498,0.6493,0.6133,0.6133,0.7053,0.8131,0.7092,0.4965,0.6480,0.7715,0.7784,0.7358,0.5677,,,0.6160,0.6397
H3K9ac,0.7287,0.7240,0.7093,0.6833,0.7083,0.7521,0.7758,0.7570,0.5329,0.7405,0.7898,0.7988,0.7264,0.6370,,,0.6347,0.6563
H3K9me3,0.6103,0.5897,0.6110,0.6390,0.6003,0.6080,0.4626,0.5169,0.7224,0.5921,0.5000,0.5000,0.5000,0.4847,,,0.4970,0.4980
H4K20me1,0.6980,0.6677,0.7673,0.7330,0.7010,0.7367,0.6482,0.6972,0.5847,0.8057,0.5000,0.5000,0.5000,0.5330,,,0.6313,0.6280
promoter_all,0.6787,0.6634,0.7070,0.6673,0.6453,0.7119,0.7332,0.6853,0.5506,0.7189,0.8592,0.8644,0.8821,0.6803,,,0.6190,0.6303
promoter_no_tata,0.6637,0.6287,0.6880,0.6590,0.6147,0.6731,0.6933,0.6703,0.5494,0.6542,0.8504,0.8520,0.8160,0.6353,,,0.6020,0.6533
promoter_tata,0.5460,0.5439,0.5383,0.5287,0.5233,0.5683,0.6121,0.5717,0.5047,0.5445,0.7260,0.7041,0.8962,0.6053,,,0.5730,0.6040
enhancers,0.6853,0.6689,0.7237,0.6787,0.6850,0.7189,0.7101,0.6922,0.5247,0.7242,0.7380,0.7456,0.7075,0.7460,,,0.6080,0.6257
enhancers_types,,,,,,,,,,,,,,,0.7067,0.4353,,
splice_sites_all,,,,,,,,,,,,,,,0.5143,0.8927,,
splice_sites_acceptors,0.5130,0.5118,0.5010,0.5080,0.5057,0.5234,0.5258,0.5139,0.4941,0.5110,0.4968,0.4993,0.4764,0.5147,,,0.9387,0.5750
splice_sites_donors,0.5200,0.5118,0.5207,0.5187,0.5230,0.5257,0.5322,0.5299,0.5082,0.5366,0.5107,0.5051,0.5094,0.5250,,,0.5810,0.9503
