task,matrix_diag_mcc,manifest_best_test_mcc,delta,within_tol
H2AFZ,0.4987,0.4972,+0.0015,1
H3K27ac,0.4830,0.4830,-0.0000,1
H3K27me3,0.5903,0.5903,+0.0000,1
H3K36me3,0.5910,0.5910,+0.0000,1
H3K4me1,0.4827,0.4827,+0.0000,1
H3K4me2,0.5391,0.5391,+0.0000,1
H3K4me3,0.6283,0.6258,+0.0025,1
H3K9ac,0.5143,0.5143,-0.0000,1
H3K9me3,0.4524,0.4524,-0.0000,1
H4K20me1,0.6262,0.6262,+0.0000,1
promoter_all,0.7196,0.7196,-0.0000,1
promoter_no_tata,0.7056,0.7056,+0.0000,1
promoter_tata,0.7960,0.7960,+0.0000,1
enhancers,0.5082,0.5089,-0.0007,1
enhancers_types,0.4622,0.4628,-0.0006,1
splice_sites_all,0.8400,0.8400,-0.0000,1
splice_sites_acceptors,0.8775,0.8775,+0.0000,1
splice_sites_donors,0.9007,0.9007,-0.0000,1
