task,matrix_diag_mcc,cached_teacher_test_mcc,delta,within_tol
H2AFZ,0.6069,0.6066,+0.0003,1
H3K27ac,0.5855,0.5784,+0.0071,1
H3K27me3,0.6107,0.6165,-0.0058,1
H3K36me3,0.6211,0.6218,-0.0007,1
H3K4me1,0.5612,0.5603,+0.0009,1
H3K4me2,0.6868,0.6801,+0.0067,1
H3K4me3,0.6768,0.6788,-0.0021,1
H3K9ac,0.6298,0.6260,+0.0038,1
H3K9me3,0.4967,0.5038,-0.0071,1
H4K20me1,0.6522,0.6481,+0.0041,1
promoter_all,0.7465,0.7452,+0.0013,1
promoter_no_tata,0.7818,0.7776,+0.0042,1
promoter_tata,0.8252,0.8252,+0.0000,1
enhancers,0.6483,0.6435,+0.0049,1
enhancers_types,0.6012,0.5991,+0.0022,1
splice_sites_all,0.8384,0.8384,+0.0000,1
splice_sites_acceptors,0.8566,0.8566,+0.0000,1
splice_sites_donors,0.8582,0.8589,-0.0007,1
