id,name,state,created_at,config.model_type,config.task_names,config.random_state,config.resume_epoch,config.slurm_config.mem,config.slurm_config.mode,config.slurm_config.setup,config.slurm_config.job_name,config.slurm_config.code_root,config.slurm_config.node_list,config.slurm_config.pack_code,config.slurm_config.partition,config.slurm_config.num_of_node,config.slurm_config.timeout_min,config.slurm_config.cpus_per_task,config.slurm_config.gpus_per_node,config.slurm_config.gpus_per_task,config.slurm_config.output_folder,config.slurm_config.tasks_per_node,config.slurm_config.use_packed_code,config.slurm_config.stderr_to_stdout,config.slurm_config.node_list_exclude,config.slurm_config.code_file_suffixes,config.slurm_config.output_parent_path,config.slurm_config.processes_per_task,config.slurm_config.use_distributed_env,config.slurm_config.distributed_env_task,config.slurm_config.exclude_code_folders,config.slurm_config.distributed_launch_command,config.dataset_config.data_path,config.dataset_config.task_name,config.dataset_config.dataset_name,config.dataset_config.random_state,config.student_config.hidden_dim,config.student_config.model_size,config.student_config.model_type,config.student_config.num_labels,config.student_config.teacher_hidden_size,config.student_config.teacher_projection_opt,config.teacher_config.is_lora,config.teacher_config.ckpt_path,config.teacher_config.merge_lora,config.teacher_config.num_labels,config.teacher_config.base_model_path,config.teacher_config.trust_remote_code,config.teacher_config.model_name_or_path,config.teacher_config.output_hidden_states,config.trainer_config.lr,config.trainer_config.device,config.trainer_config.epochs,config.trainer_config.max_len,config.trainer_config.batch_size,config.trainer_config.output_dir,config.trainer_config.num_workers,config.trainer_config.wandb_project,config.trainer_config.log_batch_every,config.trainer_config.eval_every_n_epochs,config.resume_checkpoint,config.teacher_parent_dir,config.distillation_config.zscore,config.distillation_config.dkd_beta,config.distillation_config.dkd_alpha,config.distillation_config.kl_method,config.distillation_config.weight_ce,config.distillation_config.weight_kl,config.distillation_config.weight_mse,config.distillation_config.temperature,config.distillation_config.distill_method,summary.best_test/f1,summary.best_test/mcc,summary.best_val_mcc,summary.epoch,summary.teacher/test_mcc,summary.test/f1,summary.test/mcc,summary.time/elapsed_s,summary.train/batch_loss,summary.train/ce,summary.train/epoch_loss,summary.train/kl,summary.train/loss,summary.train/mse,summary.val/f1,summary.val/mcc
d5jbcze6,splice_sites_all/bpnet_extra_large_fix/vanilla/distill_methodvanilla_dkd_alpha1.0_dkd_beta8.0_kl_methodkl_temperature1.5_weight_ce0.5_weight_kl1.0_weight_mse5.0_zscoreFalse,finished,2026-01-27T23:47:38Z,nt,"[""splice_sites_all""]",42,0,64GB,slurm,[],distill,.,voyager,True,zhanglab.p,1,9223372036854776000,4,,1,slurm,1,True,False,,"["".py"", "".sh"", "".yaml"", "".toml""]",${OG_STORE}/OmegaGenome_different_version/OmegaGenome_1-27-clean/OmegaGenome//output/01272026/154011,1,False,torch,"[""wandb"", ""output"", ""output*"", ""output_original"", ""output_caduceus_hyperparam"", ""output_bpnet_medium"", ""output_logits_and_medium_debug"", ""outputs"", ""output_medium_debug_11_18"", ""output_enformer_hyper_12_07"", ""data"", ""datasets"", "".venv_caduceus"", "".venv"", "".git"", "".vscode"", ""uv.lock"", ""tests"", "".ruff_cache"", "".github""]",,,splice_sites_all,InstaDeepAI/nucleotide_transformer_downstream_tasks_revised,42,,extra_large_fix,bpnet,2,,down,True,,True,3,InstaDeepAI/nucleotide-transformer-2.5b-multi-species,True,InstaDeepAI/nucleotide-transformer-2.5b-multi-species,True,0.0001,cuda,200,1000,16,${OG_STORE}/OmegaGenome_different_version/OmegaGenome_1-27-clean/OmegaGenome//output/01272026/154011/size_comparison/nt/bpnet/extra_large_fix,4,OmegaGenome-ExtraLarge-Fix,50,5,,${OG_STORE}/OmegaGenome_different_version/OmegaGenome_1-27-clean/OmegaGenome//data/finetuned_models/2b5-multi-species_nucleotide-transformer-finetune-results-lora-epoch20-10-17-revised-r32-fix-num-label,False,8,1,kl,0.5,1,5,1.5,vanilla,0.4904992206352768,0.2569038384783971,0.25814552653083067,200,0.96750038369879,0.4855960082398316,0.2503698706141132,5834.080980539322,2.0038440227508545,0.6894083023071289,2.1913284317577055,1.619980812072754,2.0038440227508545,0.03915901854634285,0.456529819075804,0.21880974263163425
0w92k17j,splice_sites_all/bpnet_extra_large_fix/vanilla/distill_methodvanilla_dkd_alpha1.0_dkd_beta8.0_kl_methodkl_temperature1.5_weight_ce0.5_weight_kl1.0_weight_mse5.0_zscoreFalse,finished,2026-01-27T23:47:42Z,nt,"[""splice_sites_all""]",789,0,64GB,slurm,[],distill,.,laniakea,True,zhanglab.p,1,9223372036854776000,4,,1,slurm,1,True,False,,"["".py"", "".sh"", "".yaml"", "".toml""]",${OG_STORE}/OmegaGenome_different_version/OmegaGenome_1-27-clean/OmegaGenome//output/01272026/154011,1,False,torch,"[""wandb"", ""output"", ""output*"", ""output_original"", ""output_caduceus_hyperparam"", ""output_bpnet_medium"", ""output_logits_and_medium_debug"", ""outputs"", ""output_medium_debug_11_18"", ""output_enformer_hyper_12_07"", ""data"", ""datasets"", "".venv_caduceus"", "".venv"", "".git"", "".vscode"", ""uv.lock"", ""tests"", "".ruff_cache"", "".github""]",,,splice_sites_all,InstaDeepAI/nucleotide_transformer_downstream_tasks_revised,42,,extra_large_fix,bpnet,2,,down,True,,True,3,InstaDeepAI/nucleotide-transformer-2.5b-multi-species,True,InstaDeepAI/nucleotide-transformer-2.5b-multi-species,True,0.0001,cuda,200,1000,16,${OG_STORE}/OmegaGenome_different_version/OmegaGenome_1-27-clean/OmegaGenome//output/01272026/154011/size_comparison/nt/bpnet/extra_large_fix,4,OmegaGenome-ExtraLarge-Fix,50,5,,${OG_STORE}/OmegaGenome_different_version/OmegaGenome_1-27-clean/OmegaGenome//data/finetuned_models/2b5-multi-species_nucleotide-transformer-finetune-results-lora-epoch20-10-17-revised-r32-fix-num-label,False,8,1,kl,0.5,1,5,1.5,vanilla,0.4949471351740429,0.2687497778017979,0.2573846585261788,200,0.96750038369879,0.498641226403731,0.2649305032801699,4172.815501689911,2.783818244934082,1.0647705793380735,2.149083856440269,2.2253332138061523,2.783818244934082,0.026099737733602524,0.4621179097220494,0.2196840871104697
bwcvkzsh,splice_sites_all/bpnet_extra_large_fix/vanilla/distill_methodvanilla_dkd_alpha1.0_dkd_beta8.0_kl_methodkl_temperature1.5_weight_ce0.5_weight_kl1.0_weight_mse5.0_zscoreFalse,finished,2026-01-27T23:47:42Z,nt,"[""splice_sites_all""]",456,0,64GB,slurm,[],distill,.,laniakea,True,zhanglab.p,1,9223372036854776000,4,,1,slurm,1,True,False,,"["".py"", "".sh"", "".yaml"", "".toml""]",${OG_STORE}/OmegaGenome_different_version/OmegaGenome_1-27-clean/OmegaGenome//output/01272026/154011,1,False,torch,"[""wandb"", ""output"", ""output*"", ""output_original"", ""output_caduceus_hyperparam"", ""output_bpnet_medium"", ""output_logits_and_medium_debug"", ""outputs"", ""output_medium_debug_11_18"", ""output_enformer_hyper_12_07"", ""data"", ""datasets"", "".venv_caduceus"", "".venv"", "".git"", "".vscode"", ""uv.lock"", ""tests"", "".ruff_cache"", "".github""]",,,splice_sites_all,InstaDeepAI/nucleotide_transformer_downstream_tasks_revised,42,,extra_large_fix,bpnet,2,,down,True,,True,3,InstaDeepAI/nucleotide-transformer-2.5b-multi-species,True,InstaDeepAI/nucleotide-transformer-2.5b-multi-species,True,0.0001,cuda,200,1000,16,${OG_STORE}/OmegaGenome_different_version/OmegaGenome_1-27-clean/OmegaGenome//output/01272026/154011/size_comparison/nt/bpnet/extra_large_fix,4,OmegaGenome-ExtraLarge-Fix,50,5,,${OG_STORE}/OmegaGenome_different_version/OmegaGenome_1-27-clean/OmegaGenome//data/finetuned_models/2b5-multi-species_nucleotide-transformer-finetune-results-lora-epoch20-10-17-revised-r32-fix-num-label,False,8,1,kl,0.5,1,5,1.5,vanilla,0.4701726647463213,0.2660643298152186,0.25963570240016853,200,0.96750038369879,0.4744787116947351,0.2638578282661887,4506.632755279541,1.997920274734497,0.6943230032920837,2.1972290930024823,1.6323621273040771,1.997920274734497,0.018396597355604172,0.4308753187931453,0.22345475401044793
hnkktzgg,splice_sites_all/bpnet_extra_large_fix/vanilla/distill_methodvanilla_dkd_alpha1.0_dkd_beta8.0_kl_methodkl_temperature1.5_weight_ce0.5_weight_kl1.0_weight_mse5.0_zscoreFalse,finished,2026-01-27T23:47:42Z,nt,"[""splice_sites_all""]",123,0,64GB,slurm,[],distill,.,laniakea,True,zhanglab.p,1,9223372036854776000,4,,1,slurm,1,True,False,,"["".py"", "".sh"", "".yaml"", "".toml""]",${OG_STORE}/OmegaGenome_different_version/OmegaGenome_1-27-clean/OmegaGenome//output/01272026/154011,1,False,torch,"[""wandb"", ""output"", ""output*"", ""output_original"", ""output_caduceus_hyperparam"", ""output_bpnet_medium"", ""output_logits_and_medium_debug"", ""outputs"", ""output_medium_debug_11_18"", ""output_enformer_hyper_12_07"", ""data"", ""datasets"", "".venv_caduceus"", "".venv"", "".git"", "".vscode"", ""uv.lock"", ""tests"", "".ruff_cache"", "".github""]",,,splice_sites_all,InstaDeepAI/nucleotide_transformer_downstream_tasks_revised,42,,extra_large_fix,bpnet,2,,down,True,,True,3,InstaDeepAI/nucleotide-transformer-2.5b-multi-species,True,InstaDeepAI/nucleotide-transformer-2.5b-multi-species,True,0.0001,cuda,200,1000,16,${OG_STORE}/OmegaGenome_different_version/OmegaGenome_1-27-clean/OmegaGenome//output/01272026/154011/size_comparison/nt/bpnet/extra_large_fix,4,OmegaGenome-ExtraLarge-Fix,50,5,,${OG_STORE}/OmegaGenome_different_version/OmegaGenome_1-27-clean/OmegaGenome//data/finetuned_models/2b5-multi-species_nucleotide-transformer-finetune-results-lora-epoch20-10-17-revised-r32-fix-num-label,False,8,1,kl,0.5,1,5,1.5,vanilla,0.49986642300104606,0.25608798792497184,0.266488477075747,200,0.96750038369879,0.4740183018671216,0.2374278010215785,4394.9305193424225,2.8040735721588135,1.0795173645019531,2.1865749672690837,2.19920015335083,2.8040735721588135,0.06511484086513519,0.4441871865062204,0.210238957422764
s5essi3p,splice_sites_all/bpnet_extra_large_fix/vanilla/distill_methodvanilla_dkd_alpha1.0_dkd_beta8.0_kl_methodkl_temperature1.5_weight_ce0.5_weight_kl1.0_weight_mse5.0_zscoreFalse,finished,2026-01-28T01:03:03Z,nt,"[""splice_sites_all""]",24,0,64GB,slurm,[],distill,.,laniakea,True,zhanglab.p,1,9223372036854776000,4,,1,slurm,1,True,False,,"["".py"", "".sh"", "".yaml"", "".toml""]",${OG_STORE}/OmegaGenome_different_version/OmegaGenome_1-27-clean/OmegaGenome//output/01272026/154011,1,False,torch,"[""wandb"", ""output"", ""output*"", ""output_original"", ""output_caduceus_hyperparam"", ""output_bpnet_medium"", ""output_logits_and_medium_debug"", ""outputs"", ""output_medium_debug_11_18"", ""output_enformer_hyper_12_07"", ""data"", ""datasets"", "".venv_caduceus"", "".venv"", "".git"", "".vscode"", ""uv.lock"", ""tests"", "".ruff_cache"", "".github""]",,,splice_sites_all,InstaDeepAI/nucleotide_transformer_downstream_tasks_revised,42,,extra_large_fix,bpnet,2,,down,True,,True,3,InstaDeepAI/nucleotide-transformer-2.5b-multi-species,True,InstaDeepAI/nucleotide-transformer-2.5b-multi-species,True,0.0001,cuda,200,1000,16,${OG_STORE}/OmegaGenome_different_version/OmegaGenome_1-27-clean/OmegaGenome//output/01272026/154011/size_comparison/nt/bpnet/extra_large_fix,4,OmegaGenome-ExtraLarge-Fix,50,5,,${OG_STORE}/OmegaGenome_different_version/OmegaGenome_1-27-clean/OmegaGenome//data/finetuned_models/2b5-multi-species_nucleotide-transformer-finetune-results-lora-epoch20-10-17-revised-r32-fix-num-label,False,8,1,kl,0.5,1,5,1.5,vanilla,0.49436070479910216,0.2442194228881598,0.25351859964095175,200,0.96750038369879,0.48355175567905234,0.26671581700547514,3809.477411985398,2.327789068222046,0.8520767092704773,2.202455846407402,1.8899248838424685,2.327789068222046,0.011825796216726305,0.445748654310352,0.2269431998497013
5i9yq741,splice_sites_all/bpnet_extra_large_fix/vanilla/distill_methodvanilla_dkd_alpha1.0_dkd_beta8.0_kl_methodkl_temperature1.5_weight_ce0.5_weight_kl1.0_weight_mse5.0_zscoreFalse,finished,2026-01-28T01:57:23Z,nt,"[""splice_sites_all""]",321,0,64GB,slurm,[],distill,.,laniakea,True,zhanglab.p,1,9223372036854776000,4,,1,slurm,1,True,False,,"["".py"", "".sh"", "".yaml"", "".toml""]",${OG_STORE}/OmegaGenome_different_version/OmegaGenome_1-27-clean/OmegaGenome//output/01272026/154011,1,False,torch,"[""wandb"", ""output"", ""output*"", ""output_original"", ""output_caduceus_hyperparam"", ""output_bpnet_medium"", ""output_logits_and_medium_debug"", ""outputs"", ""output_medium_debug_11_18"", ""output_enformer_hyper_12_07"", ""data"", ""datasets"", "".venv_caduceus"", "".venv"", "".git"", "".vscode"", ""uv.lock"", ""tests"", "".ruff_cache"", "".github""]",,,splice_sites_all,InstaDeepAI/nucleotide_transformer_downstream_tasks_revised,42,,extra_large_fix,bpnet,2,,down,True,,True,3,InstaDeepAI/nucleotide-transformer-2.5b-multi-species,True,InstaDeepAI/nucleotide-transformer-2.5b-multi-species,True,0.0001,cuda,200,1000,16,${OG_STORE}/OmegaGenome_different_version/OmegaGenome_1-27-clean/OmegaGenome//output/01272026/154011/size_comparison/nt/bpnet/extra_large_fix,4,OmegaGenome-ExtraLarge-Fix,50,5,,${OG_STORE}/OmegaGenome_different_version/OmegaGenome_1-27-clean/OmegaGenome//data/finetuned_models/2b5-multi-species_nucleotide-transformer-finetune-results-lora-epoch20-10-17-revised-r32-fix-num-label,False,8,1,kl,0.5,1,5,1.5,vanilla,0.4891909318653722,0.26529864307711126,0.27415070171993705,200,0.96750038369879,0.4805191023011742,0.25810218220643844,3517.7580659389496,1.557005763053894,0.5182417631149292,2.1752146575688185,1.2828842401504517,1.557005763053894,0.015000742860138416,0.46654504486705384,0.2545377237283653
yx1vp7ba,splice_sites_all/bpnet_extra_large_fix/vanilla/distill_methodvanilla_dkd_alpha1.0_dkd_beta8.0_kl_methodkl_temperature1.5_weight_ce0.5_weight_kl1.0_weight_mse5.0_zscoreFalse,finished,2026-01-28T02:09:03Z,nt,"[""splice_sites_all""]",654,0,64GB,slurm,[],distill,.,laniakea,True,zhanglab.p,1,9223372036854776000,4,,1,slurm,1,True,False,,"["".py"", "".sh"", "".yaml"", "".toml""]",${OG_STORE}/OmegaGenome_different_version/OmegaGenome_1-27-clean/OmegaGenome//output/01272026/154011,1,False,torch,"[""wandb"", ""output"", ""output*"", ""output_original"", ""output_caduceus_hyperparam"", ""output_bpnet_medium"", ""output_logits_and_medium_debug"", ""outputs"", ""output_medium_debug_11_18"", ""output_enformer_hyper_12_07"", ""data"", ""datasets"", "".venv_caduceus"", "".venv"", "".git"", "".vscode"", ""uv.lock"", ""tests"", "".ruff_cache"", "".github""]",,,splice_sites_all,InstaDeepAI/nucleotide_transformer_downstream_tasks_revised,42,,extra_large_fix,bpnet,2,,down,True,,True,3,InstaDeepAI/nucleotide-transformer-2.5b-multi-species,True,InstaDeepAI/nucleotide-transformer-2.5b-multi-species,True,0.0001,cuda,200,1000,16,${OG_STORE}/OmegaGenome_different_version/OmegaGenome_1-27-clean/OmegaGenome//output/01272026/154011/size_comparison/nt/bpnet/extra_large_fix,4,OmegaGenome-ExtraLarge-Fix,50,5,,${OG_STORE}/OmegaGenome_different_version/OmegaGenome_1-27-clean/OmegaGenome//data/finetuned_models/2b5-multi-species_nucleotide-transformer-finetune-results-lora-epoch20-10-17-revised-r32-fix-num-label,False,8,1,kl,0.5,1,5,1.5,vanilla,0.485218720260363,0.27894035287036134,0.26166582583162895,200,0.96750038369879,0.4876272278123052,0.25642377412662326,4097.897670030594,2.020545721054077,0.7481533288955688,2.2082059797941227,1.6211464405059814,2.020545721054077,0.025322671979665756,0.4588839776801381,0.23011814124960608
416o3b1t,splice_sites_all/bpnet_extra_large_fix/vanilla/distill_methodvanilla_dkd_alpha1.0_dkd_beta8.0_kl_methodkl_temperature1.5_weight_ce0.5_weight_kl1.0_weight_mse5.0_zscoreFalse,finished,2026-01-28T02:59:35Z,nt,"[""splice_sites_all""]",987,0,64GB,slurm,[],distill,.,laniakea,True,zhanglab.p,1,9223372036854776000,4,,1,slurm,1,True,False,,"["".py"", "".sh"", "".yaml"", "".toml""]",${OG_STORE}/OmegaGenome_different_version/OmegaGenome_1-27-clean/OmegaGenome//output/01272026/154011,1,False,torch,"[""wandb"", ""output"", ""output*"", ""output_original"", ""output_caduceus_hyperparam"", ""output_bpnet_medium"", ""output_logits_and_medium_debug"", ""outputs"", ""output_medium_debug_11_18"", ""output_enformer_hyper_12_07"", ""data"", ""datasets"", "".venv_caduceus"", "".venv"", "".git"", "".vscode"", ""uv.lock"", ""tests"", "".ruff_cache"", "".github""]",,,splice_sites_all,InstaDeepAI/nucleotide_transformer_downstream_tasks_revised,42,,extra_large_fix,bpnet,2,,down,True,,True,3,InstaDeepAI/nucleotide-transformer-2.5b-multi-species,True,InstaDeepAI/nucleotide-transformer-2.5b-multi-species,True,0.0001,cuda,200,1000,16,${OG_STORE}/OmegaGenome_different_version/OmegaGenome_1-27-clean/OmegaGenome//output/01272026/154011/size_comparison/nt/bpnet/extra_large_fix,4,OmegaGenome-ExtraLarge-Fix,50,5,,${OG_STORE}/OmegaGenome_different_version/OmegaGenome_1-27-clean/OmegaGenome//data/finetuned_models/2b5-multi-species_nucleotide-transformer-finetune-results-lora-epoch20-10-17-revised-r32-fix-num-label,False,8,1,kl,0.5,1,5,1.5,vanilla,0.48791041207686464,0.2674834389283717,0.2599170676273314,200,0.96750038369879,0.4743845312396395,0.2612332066027476,3557.1882824897766,1.81037700176239,0.602696418762207,2.198690389852388,1.4658851623535156,1.81037700176239,0.043143611401319504,0.4424498008056488,0.2340761552935916
jgq029ee,splice_sites_all/bpnet_extra_large_fix/vanilla/distill_methodvanilla_dkd_alpha1.0_dkd_beta8.0_kl_methodkl_temperature1.5_weight_ce0.5_weight_kl1.0_weight_mse5.0_zscoreFalse,finished,2026-01-28T03:20:09Z,nt,"[""splice_sites_all""]",4021,0,64GB,slurm,[],distill,.,laniakea,True,zhanglab.p,1,9223372036854776000,4,,1,slurm,1,True,False,,"["".py"", "".sh"", "".yaml"", "".toml""]",${OG_STORE}/OmegaGenome_different_version/OmegaGenome_1-27-clean/OmegaGenome//output/01272026/154011,1,False,torch,"[""wandb"", ""output"", ""output*"", ""output_original"", ""output_caduceus_hyperparam"", ""output_bpnet_medium"", ""output_logits_and_medium_debug"", ""outputs"", ""output_medium_debug_11_18"", ""output_enformer_hyper_12_07"", ""data"", ""datasets"", "".venv_caduceus"", "".venv"", "".git"", "".vscode"", ""uv.lock"", ""tests"", "".ruff_cache"", "".github""]",,,splice_sites_all,InstaDeepAI/nucleotide_transformer_downstream_tasks_revised,42,,extra_large_fix,bpnet,2,,down,True,,True,3,InstaDeepAI/nucleotide-transformer-2.5b-multi-species,True,InstaDeepAI/nucleotide-transformer-2.5b-multi-species,True,0.0001,cuda,200,1000,16,${OG_STORE}/OmegaGenome_different_version/OmegaGenome_1-27-clean/OmegaGenome//output/01272026/154011/size_comparison/nt/bpnet/extra_large_fix,4,OmegaGenome-ExtraLarge-Fix,50,5,,${OG_STORE}/OmegaGenome_different_version/OmegaGenome_1-27-clean/OmegaGenome//data/finetuned_models/2b5-multi-species_nucleotide-transformer-finetune-results-lora-epoch20-10-17-revised-r32-fix-num-label,False,8,1,kl,0.5,1,5,1.5,vanilla,0.4897848580813968,0.2500258776542968,0.25868815982212123,200,0.96750038369879,0.4858273412006977,0.26525444779062013,3767.8650493621826,1.7557967901229858,0.5859273076057434,2.181473684960632,1.4253538846969604,1.7557967901229858,0.03747933730483055,0.44640774462838745,0.2293797864324182
25t6f36n,splice_sites_all/bpnet_extra_large_fix/vanilla/distill_methodvanilla_dkd_alpha1.0_dkd_beta8.0_kl_methodkl_temperature1.5_weight_ce0.5_weight_kl1.0_weight_mse5.0_zscoreFalse,finished,2026-01-29T03:12:16Z,nt,"[""splice_sites_all""]",654,0,64GB,slurm,[],distill,.,voyager,True,zhanglab.p,1,9223372036854776000,4,,1,slurm,1,True,False,,"["".py"", "".sh"", "".yaml"", "".toml""]",${OG_STORE}/OmegaGenome_different_version/OmegaGenome_1-27-clean/OmegaGenome//output/01282026/112216,1,False,torch,"[""wandb"", ""output"", ""output*"", ""output_original"", ""output_caduceus_hyperparam"", ""output_bpnet_medium"", ""output_logits_and_medium_debug"", ""outputs"", ""output_medium_debug_11_18"", ""output_enformer_hyper_12_07"", ""data"", ""datasets"", "".venv_caduceus"", "".venv"", "".git"", "".vscode"", ""uv.lock"", ""tests"", "".ruff_cache"", "".github""]",,,splice_sites_all,InstaDeepAI/nucleotide_transformer_downstream_tasks_revised,42,,extra_large_fix,bpnet,2,,down,True,,True,3,InstaDeepAI/nucleotide-transformer-2.5b-multi-species,True,InstaDeepAI/nucleotide-transformer-2.5b-multi-species,True,0.0001,cuda,200,1000,16,${OG_STORE}/OmegaGenome_different_version/OmegaGenome_1-27-clean/OmegaGenome//output/01282026/112216/size_comparison/nt/bpnet/extra_large_fix,4,OmegaGenome-ExtraLarge-Fix,50,5,,${OG_STORE}/OmegaGenome_different_version/OmegaGenome_1-27-clean/OmegaGenome//data/finetuned_models/2b5-multi-species_nucleotide-transformer-finetune-results-lora-epoch20-10-17-revised-r32-fix-num-label,False,8,1,kl,0.5,1,5,1.5,vanilla,0.9383962979406468,0.9077408340173068,0.9155830388693088,200,0.96750038369879,0.9344148259773404,0.9017494503727008,6735.142472028732,0.006523320451378822,0.0013926079263910651,0.016236915268068492,0.004274308681488037,0.006523320451378822,0.0015527079813182354,0.9369507303335144,0.9056256386437622
1wsau8g4,splice_sites_all/bpnet_extra_large_fix/vanilla/distill_methodvanilla_dkd_alpha1.0_dkd_beta8.0_kl_methodkl_temperature1.5_weight_ce0.5_weight_kl1.0_weight_mse5.0_zscoreFalse,finished,2026-01-30T22:50:35Z,nt,"[""splice_sites_all""]",123,0,64GB,slurm,[],distill,.,laniakea,True,zhanglab.p,1,9223372036854776000,4,,1,slurm,1,True,False,,"["".py"", "".sh"", "".yaml"", "".toml""]",${OG_STORE}/OmegaGenome_different_version/OmegaGenome_1-27-clean/OmegaGenome//output/01302026/140356,1,False,torch,"[""wandb"", ""output"", ""output*"", ""output_original"", ""output_caduceus_hyperparam"", ""output_bpnet_medium"", ""output_logits_and_medium_debug"", ""outputs"", ""output_medium_debug_11_18"", ""output_enformer_hyper_12_07"", ""data"", ""datasets"", "".venv_caduceus"", "".venv"", "".git"", "".vscode"", ""uv.lock"", ""tests"", "".ruff_cache"", "".github""]",,,splice_sites_all,InstaDeepAI/nucleotide_transformer_downstream_tasks_revised,42,,extra_large_fix,bpnet,2,,down,True,,True,3,InstaDeepAI/nucleotide-transformer-2.5b-multi-species,True,InstaDeepAI/nucleotide-transformer-2.5b-multi-species,True,0.0001,cuda,200,1000,16,${OG_STORE}/OmegaGenome_different_version/OmegaGenome_1-27-clean/OmegaGenome//output/01302026/140356/size_comparison/nt/bpnet/extra_large_fix,4,OmegaGenome-ExtraLarge-Fix,50,5,,${OG_STORE}/OmegaGenome_different_version/OmegaGenome_1-27-clean/OmegaGenome//data/finetuned_models/2b5-multi-species_nucleotide-transformer-finetune-results-lora-epoch20-10-17-revised-r32-fix-num-label,False,8,1,kl,0.5,1,5,1.5,vanilla,0.9312295585910748,0.8966902838922337,0.9095188946990446,200,0.96750038369879,0.9319233253942216,0.8972600163105432,8348.156730651855,0.001822778256610036,0.00014219924923963845,0.017113717743987327,0.000863304827362299,0.001822778256610036,0.000888373760972172,0.9312174314612386,0.8969850592904643
1ymjma62,splice_sites_all/bpnet_extra_large_fix/vanilla/distill_methodvanilla_dkd_alpha1.0_dkd_beta8.0_kl_methodkl_temperature1.5_weight_ce0.5_weight_kl1.0_weight_mse5.0_zscoreFalse,finished,2026-01-30T22:50:35Z,nt,"[""splice_sites_all""]",789,0,64GB,slurm,[],distill,.,laniakea,True,zhanglab.p,1,9223372036854776000,4,,1,slurm,1,True,False,,"["".py"", "".sh"", "".yaml"", "".toml""]",${OG_STORE}/OmegaGenome_different_version/OmegaGenome_1-27-clean/OmegaGenome//output/01302026/140356,1,False,torch,"[""wandb"", ""output"", ""output*"", ""output_original"", ""output_caduceus_hyperparam"", ""output_bpnet_medium"", ""output_logits_and_medium_debug"", ""outputs"", ""output_medium_debug_11_18"", ""output_enformer_hyper_12_07"", ""data"", ""datasets"", "".venv_caduceus"", "".venv"", "".git"", "".vscode"", ""uv.lock"", ""tests"", "".ruff_cache"", "".github""]",,,splice_sites_all,InstaDeepAI/nucleotide_transformer_downstream_tasks_revised,42,,extra_large_fix,bpnet,2,,down,True,,True,3,InstaDeepAI/nucleotide-transformer-2.5b-multi-species,True,InstaDeepAI/nucleotide-transformer-2.5b-multi-species,True,0.0001,cuda,200,1000,16,${OG_STORE}/OmegaGenome_different_version/OmegaGenome_1-27-clean/OmegaGenome//output/01302026/140356/size_comparison/nt/bpnet/extra_large_fix,4,OmegaGenome-ExtraLarge-Fix,50,5,,${OG_STORE}/OmegaGenome_different_version/OmegaGenome_1-27-clean/OmegaGenome//data/finetuned_models/2b5-multi-species_nucleotide-transformer-finetune-results-lora-epoch20-10-17-revised-r32-fix-num-label,False,8,1,kl,0.5,1,5,1.5,vanilla,0.9306135319144748,0.8955396358728079,0.9005715647231979,200,0.96750038369879,0.9306135319144748,0.8955396358728079,8759.68641281128,0.003264357103034854,8.811442967271432e-05,0.015582584908468786,0.0007842595223337412,0.003264357103034854,0.002436040434986353,0.9335497576200752,0.9005715647231979
6qxjsof9,splice_sites_all/bpnet_extra_large_fix/vanilla/distill_methodvanilla_dkd_alpha1.0_dkd_beta8.0_kl_methodkl_temperature1.5_weight_ce0.5_weight_kl1.0_weight_mse5.0_zscoreFalse,finished,2026-01-30T22:50:35Z,nt,"[""splice_sites_all""]",1024,0,64GB,slurm,[],distill,.,laniakea,True,zhanglab.p,1,9223372036854776000,4,,1,slurm,1,True,False,,"["".py"", "".sh"", "".yaml"", "".toml""]",${OG_STORE}/OmegaGenome_different_version/OmegaGenome_1-27-clean/OmegaGenome//output/01302026/140356,1,False,torch,"[""wandb"", ""output"", ""output*"", ""output_original"", ""output_caduceus_hyperparam"", ""output_bpnet_medium"", ""output_logits_and_medium_debug"", ""outputs"", ""output_medium_debug_11_18"", ""output_enformer_hyper_12_07"", ""data"", ""datasets"", "".venv_caduceus"", "".venv"", "".git"", "".vscode"", ""uv.lock"", ""tests"", "".ruff_cache"", "".github""]",,,splice_sites_all,InstaDeepAI/nucleotide_transformer_downstream_tasks_revised,42,,extra_large_fix,bpnet,2,,down,True,,True,3,InstaDeepAI/nucleotide-transformer-2.5b-multi-species,True,InstaDeepAI/nucleotide-transformer-2.5b-multi-species,True,0.0001,cuda,200,1000,16,${OG_STORE}/OmegaGenome_different_version/OmegaGenome_1-27-clean/OmegaGenome//output/01302026/140356/size_comparison/nt/bpnet/extra_large_fix,4,OmegaGenome-ExtraLarge-Fix,50,5,,${OG_STORE}/OmegaGenome_different_version/OmegaGenome_1-27-clean/OmegaGenome//data/finetuned_models/2b5-multi-species_nucleotide-transformer-finetune-results-lora-epoch20-10-17-revised-r32-fix-num-label,False,8,1,kl,0.5,1,5,1.5,vanilla,0.9397747577126436,0.9091574831244932,0.9102034437073794,200,0.96750038369879,0.9397747577126436,0.9091574831244932,7510.310513973236,0.0046659717336297035,0.00017697119619697332,0.01610002820279341,0.0017727306112647057,0.0046659717336297035,0.002804755233228206,0.9400467482003376,0.9102034437073794
sehyq6bo,splice_sites_all/bpnet_extra_large_fix/vanilla/distill_methodvanilla_dkd_alpha1.0_dkd_beta8.0_kl_methodkl_temperature1.5_weight_ce0.5_weight_kl1.0_weight_mse5.0_zscoreFalse,finished,2026-01-30T22:50:35Z,nt,"[""splice_sites_all""]",456,0,64GB,slurm,[],distill,.,laniakea,True,zhanglab.p,1,9223372036854776000,4,,1,slurm,1,True,False,,"["".py"", "".sh"", "".yaml"", "".toml""]",${OG_STORE}/OmegaGenome_different_version/OmegaGenome_1-27-clean/OmegaGenome//output/01302026/140356,1,False,torch,"[""wandb"", ""output"", ""output*"", ""output_original"", ""output_caduceus_hyperparam"", ""output_bpnet_medium"", ""output_logits_and_medium_debug"", ""outputs"", ""output_medium_debug_11_18"", ""output_enformer_hyper_12_07"", ""data"", ""datasets"", "".venv_caduceus"", "".venv"", "".git"", "".vscode"", ""uv.lock"", ""tests"", "".ruff_cache"", "".github""]",,,splice_sites_all,InstaDeepAI/nucleotide_transformer_downstream_tasks_revised,42,,extra_large_fix,bpnet,2,,down,True,,True,3,InstaDeepAI/nucleotide-transformer-2.5b-multi-species,True,InstaDeepAI/nucleotide-transformer-2.5b-multi-species,True,0.0001,cuda,200,1000,16,${OG_STORE}/OmegaGenome_different_version/OmegaGenome_1-27-clean/OmegaGenome//output/01302026/140356/size_comparison/nt/bpnet/extra_large_fix,4,OmegaGenome-ExtraLarge-Fix,50,5,,${OG_STORE}/OmegaGenome_different_version/OmegaGenome_1-27-clean/OmegaGenome//data/finetuned_models/2b5-multi-species_nucleotide-transformer-finetune-results-lora-epoch20-10-17-revised-r32-fix-num-label,False,8,1,kl,0.5,1,5,1.5,vanilla,0.930864731400918,0.8960783462637182,0.9021038220582166,200,0.96750038369879,0.9306014844846996,0.8957529957106979,8361.014558076859,0.0027854861691594124,0.0002979028504341841,0.016130180445224403,0.0011768453987315295,0.0027854861691594124,0.0014596893452107906,0.930086469055881,0.8952774156332962
2al5dq3z,splice_sites_all/bpnet_extra_large_fix/vanilla/distill_methodvanilla_dkd_alpha1.0_dkd_beta8.0_kl_methodkl_temperature1.5_weight_ce0.5_weight_kl1.0_weight_mse5.0_zscoreFalse,finished,2026-01-30T23:05:58Z,nt,"[""splice_sites_all""]",42,0,64GB,slurm,[],distill,.,voyager,True,zhanglab.p,1,9223372036854776000,4,,1,slurm,1,True,False,,"["".py"", "".sh"", "".yaml"", "".toml""]",${OG_STORE}/OmegaGenome_different_version/OmegaGenome_1-27-clean/OmegaGenome//output/01302026/140356,1,False,torch,"[""wandb"", ""output"", ""output*"", ""output_original"", ""output_caduceus_hyperparam"", ""output_bpnet_medium"", ""output_logits_and_medium_debug"", ""outputs"", ""output_medium_debug_11_18"", ""output_enformer_hyper_12_07"", ""data"", ""datasets"", "".venv_caduceus"", "".venv"", "".git"", "".vscode"", ""uv.lock"", ""tests"", "".ruff_cache"", "".github""]",,,splice_sites_all,InstaDeepAI/nucleotide_transformer_downstream_tasks_revised,42,,extra_large_fix,bpnet,2,,down,True,,True,3,InstaDeepAI/nucleotide-transformer-2.5b-multi-species,True,InstaDeepAI/nucleotide-transformer-2.5b-multi-species,True,0.0001,cuda,200,1000,16,${OG_STORE}/OmegaGenome_different_version/OmegaGenome_1-27-clean/OmegaGenome//output/01302026/140356/size_comparison/nt/bpnet/extra_large_fix,4,OmegaGenome-ExtraLarge-Fix,50,5,,${OG_STORE}/OmegaGenome_different_version/OmegaGenome_1-27-clean/OmegaGenome//data/finetuned_models/2b5-multi-species_nucleotide-transformer-finetune-results-lora-epoch20-10-17-revised-r32-fix-num-label,False,8,1,kl,0.5,1,5,1.5,vanilla,0.9409143137057192,0.9110172149883076,0.9251275254246974,200,0.96750038369879,0.9420125354662724,0.912566196179006,3880.435102462769,0.001224289066158235,5.031943874200806e-05,0.015367847115989836,0.0004075963224750012,0.001224289066158235,0.0007915330352261662,0.9466594769246096,0.9201185473614386
bez0cnfh,splice_sites_all/bpnet_extra_large_fix/vanilla/distill_methodvanilla_dkd_alpha1.0_dkd_beta8.0_kl_methodkl_temperature1.5_weight_ce0.5_weight_kl1.0_weight_mse5.0_zscoreFalse,finished,2026-01-30T23:13:32Z,nt,"[""splice_sites_all""]",24,0,64GB,slurm,[],distill,.,laniakea,True,zhanglab.p,1,9223372036854776000,4,,1,slurm,1,True,False,,"["".py"", "".sh"", "".yaml"", "".toml""]",${OG_STORE}/OmegaGenome_different_version/OmegaGenome_1-27-clean/OmegaGenome//output/01302026/140356,1,False,torch,"[""wandb"", ""output"", ""output*"", ""output_original"", ""output_caduceus_hyperparam"", ""output_bpnet_medium"", ""output_logits_and_medium_debug"", ""outputs"", ""output_medium_debug_11_18"", ""output_enformer_hyper_12_07"", ""data"", ""datasets"", "".venv_caduceus"", "".venv"", "".git"", "".vscode"", ""uv.lock"", ""tests"", "".ruff_cache"", "".github""]",,,splice_sites_all,InstaDeepAI/nucleotide_transformer_downstream_tasks_revised,42,,extra_large_fix,bpnet,2,,down,True,,True,3,InstaDeepAI/nucleotide-transformer-2.5b-multi-species,True,InstaDeepAI/nucleotide-transformer-2.5b-multi-species,True,0.0001,cuda,200,1000,16,${OG_STORE}/OmegaGenome_different_version/OmegaGenome_1-27-clean/OmegaGenome//output/01302026/140356/size_comparison/nt/bpnet/extra_large_fix,4,OmegaGenome-ExtraLarge-Fix,50,5,,${OG_STORE}/OmegaGenome_different_version/OmegaGenome_1-27-clean/OmegaGenome//data/finetuned_models/2b5-multi-species_nucleotide-transformer-finetune-results-lora-epoch20-10-17-revised-r32-fix-num-label,False,8,1,kl,0.5,1,5,1.5,vanilla,0.9387853356306036,0.9076541899312648,0.9151897478754256,200,0.96750038369879,0.94056639334004,0.9106838014028896,7962.69829916954,0.002348752925172448,0.0004713941889349371,0.015587282898850734,0.0010528069688007236,0.002348752925172448,0.0010602488182485104,0.9381626802606524,0.907587861474184
nxonbfwo,splice_sites_all/bpnet_extra_large_fix/vanilla/distill_methodvanilla_dkd_alpha1.0_dkd_beta8.0_kl_methodkl_temperature1.5_weight_ce0.5_weight_kl1.0_weight_mse5.0_zscoreFalse,finished,2026-01-30T23:22:16Z,nt,"[""splice_sites_all""]",654,0,64GB,slurm,[],distill,.,laniakea,True,zhanglab.p,1,9223372036854776000,4,,1,slurm,1,True,False,,"["".py"", "".sh"", "".yaml"", "".toml""]",${OG_STORE}/OmegaGenome_different_version/OmegaGenome_1-27-clean/OmegaGenome//output/01302026/140356,1,False,torch,"[""wandb"", ""output"", ""output*"", ""output_original"", ""output_caduceus_hyperparam"", ""output_bpnet_medium"", ""output_logits_and_medium_debug"", ""outputs"", ""output_medium_debug_11_18"", ""output_enformer_hyper_12_07"", ""data"", ""datasets"", "".venv_caduceus"", "".venv"", "".git"", "".vscode"", ""uv.lock"", ""tests"", "".ruff_cache"", "".github""]",,,splice_sites_all,InstaDeepAI/nucleotide_transformer_downstream_tasks_revised,42,,extra_large_fix,bpnet,2,,down,True,,True,3,InstaDeepAI/nucleotide-transformer-2.5b-multi-species,True,InstaDeepAI/nucleotide-transformer-2.5b-multi-species,True,0.0001,cuda,200,1000,16,${OG_STORE}/OmegaGenome_different_version/OmegaGenome_1-27-clean/OmegaGenome//output/01302026/140356/size_comparison/nt/bpnet/extra_large_fix,4,OmegaGenome-ExtraLarge-Fix,50,5,,${OG_STORE}/OmegaGenome_different_version/OmegaGenome_1-27-clean/OmegaGenome//data/finetuned_models/2b5-multi-species_nucleotide-transformer-finetune-results-lora-epoch20-10-17-revised-r32-fix-num-label,False,8,1,kl,0.5,1,5,1.5,vanilla,0.9407662080582816,0.9110003934874304,0.9160101407395286,200,0.96750038369879,0.932891949726915,0.8992315299340626,7587.446283817291,0.01049821823835373,0.0008139298879541457,0.015189540937572708,0.008468348532915115,0.01049821823835373,0.0016229047905653715,0.9369903996804582,0.905711700405672
scgqczqz,splice_sites_all/bpnet_extra_large_fix/vanilla/distill_methodvanilla_dkd_alpha1.0_dkd_beta8.0_kl_methodkl_temperature1.5_weight_ce0.5_weight_kl1.0_weight_mse5.0_zscoreFalse,finished,2026-01-30T23:22:16Z,nt,"[""splice_sites_all""]",987,0,64GB,slurm,[],distill,.,laniakea,True,zhanglab.p,1,9223372036854776000,4,,1,slurm,1,True,False,,"["".py"", "".sh"", "".yaml"", "".toml""]",${OG_STORE}/OmegaGenome_different_version/OmegaGenome_1-27-clean/OmegaGenome//output/01302026/140356,1,False,torch,"[""wandb"", ""output"", ""output*"", ""output_original"", ""output_caduceus_hyperparam"", ""output_bpnet_medium"", ""output_logits_and_medium_debug"", ""outputs"", ""output_medium_debug_11_18"", ""output_enformer_hyper_12_07"", ""data"", ""datasets"", "".venv_caduceus"", "".venv"", "".git"", "".vscode"", ""uv.lock"", ""tests"", "".ruff_cache"", "".github""]",,,splice_sites_all,InstaDeepAI/nucleotide_transformer_downstream_tasks_revised,42,,extra_large_fix,bpnet,2,,down,True,,True,3,InstaDeepAI/nucleotide-transformer-2.5b-multi-species,True,InstaDeepAI/nucleotide-transformer-2.5b-multi-species,True,0.0001,cuda,200,1000,16,${OG_STORE}/OmegaGenome_different_version/OmegaGenome_1-27-clean/OmegaGenome//output/01302026/140356/size_comparison/nt/bpnet/extra_large_fix,4,OmegaGenome-ExtraLarge-Fix,50,5,,${OG_STORE}/OmegaGenome_different_version/OmegaGenome_1-27-clean/OmegaGenome//data/finetuned_models/2b5-multi-species_nucleotide-transformer-finetune-results-lora-epoch20-10-17-revised-r32-fix-num-label,False,8,1,kl,0.5,1,5,1.5,vanilla,0.942808006912716,0.9140835884948249,0.9120863242738216,200,0.96750038369879,0.942808006912716,0.9140835884948249,8722.099375724792,0.002121036872267723,0.00011729753168765455,0.016800552061541,0.0007024537189863622,0.002121036872267723,0.001359934452921152,0.941301020719005,0.9120863242738216
yu56iakt,splice_sites_all/bpnet_extra_large_fix/vanilla/distill_methodvanilla_dkd_alpha1.0_dkd_beta8.0_kl_methodkl_temperature1.5_weight_ce0.5_weight_kl1.0_weight_mse5.0_zscoreFalse,finished,2026-01-30T23:22:59Z,nt,"[""splice_sites_all""]",321,0,64GB,slurm,[],distill,.,laniakea,True,zhanglab.p,1,9223372036854776000,4,,1,slurm,1,True,False,,"["".py"", "".sh"", "".yaml"", "".toml""]",${OG_STORE}/OmegaGenome_different_version/OmegaGenome_1-27-clean/OmegaGenome//output/01302026/140356,1,False,torch,"[""wandb"", ""output"", ""output*"", ""output_original"", ""output_caduceus_hyperparam"", ""output_bpnet_medium"", ""output_logits_and_medium_debug"", ""outputs"", ""output_medium_debug_11_18"", ""output_enformer_hyper_12_07"", ""data"", ""datasets"", "".venv_caduceus"", "".venv"", "".git"", "".vscode"", ""uv.lock"", ""tests"", "".ruff_cache"", "".github""]",,,splice_sites_all,InstaDeepAI/nucleotide_transformer_downstream_tasks_revised,42,,extra_large_fix,bpnet,2,,down,True,,True,3,InstaDeepAI/nucleotide-transformer-2.5b-multi-species,True,InstaDeepAI/nucleotide-transformer-2.5b-multi-species,True,0.0001,cuda,200,1000,16,${OG_STORE}/OmegaGenome_different_version/OmegaGenome_1-27-clean/OmegaGenome//output/01302026/140356/size_comparison/nt/bpnet/extra_large_fix,4,OmegaGenome-ExtraLarge-Fix,50,5,,${OG_STORE}/OmegaGenome_different_version/OmegaGenome_1-27-clean/OmegaGenome//data/finetuned_models/2b5-multi-species_nucleotide-transformer-finetune-results-lora-epoch20-10-17-revised-r32-fix-num-label,False,8,1,kl,0.5,1,5,1.5,vanilla,0.9330722434998778,0.8991525914833879,0.9011038671848822,200,0.96750038369879,0.933379624903976,0.8995722588023505,8633.271324634552,0.006826883181929588,0.00031741015845909715,0.018150350200321297,0.004492891952395439,0.006826883181929588,0.0021752857137471437,0.9307839331670724,0.8968523485235137
0bfiqzbp,splice_sites_all/bpnet_extra_large_fix/vanilla/distill_methodvanilla_dkd_alpha1.0_dkd_beta8.0_kl_methodkl_temperature1.5_weight_ce0.5_weight_kl1.0_weight_mse5.0_zscoreFalse,finished,2026-01-31T01:03:35Z,nt,"[""splice_sites_all""]",4021,0,64GB,slurm,[],distill,.,laniakea,True,zhanglab.p,1,9223372036854776000,4,,1,slurm,1,True,False,,"["".py"", "".sh"", "".yaml"", "".toml""]",${OG_STORE}/OmegaGenome_different_version/OmegaGenome_1-27-clean/OmegaGenome//output/01302026/140356,1,False,torch,"[""wandb"", ""output"", ""output*"", ""output_original"", ""output_caduceus_hyperparam"", ""output_bpnet_medium"", ""output_logits_and_medium_debug"", ""outputs"", ""output_medium_debug_11_18"", ""output_enformer_hyper_12_07"", ""data"", ""datasets"", "".venv_caduceus"", "".venv"", "".git"", "".vscode"", ""uv.lock"", ""tests"", "".ruff_cache"", "".github""]",,,splice_sites_all,InstaDeepAI/nucleotide_transformer_downstream_tasks_revised,42,,extra_large_fix,bpnet,2,,down,True,,True,3,InstaDeepAI/nucleotide-transformer-2.5b-multi-species,True,InstaDeepAI/nucleotide-transformer-2.5b-multi-species,True,0.0001,cuda,200,1000,16,${OG_STORE}/OmegaGenome_different_version/OmegaGenome_1-27-clean/OmegaGenome//output/01302026/140356/size_comparison/nt/bpnet/extra_large_fix,4,OmegaGenome-ExtraLarge-Fix,50,5,,${OG_STORE}/OmegaGenome_different_version/OmegaGenome_1-27-clean/OmegaGenome//data/finetuned_models/2b5-multi-species_nucleotide-transformer-finetune-results-lora-epoch20-10-17-revised-r32-fix-num-label,False,8,1,kl,0.5,1,5,1.5,vanilla,0.9414947178651398,0.9120270208929108,0.919043341260791,200,0.96750038369879,0.9448918954445044,0.9169779288736885,7915.0717968940735,0.0023453938774764538,0.0003884816833306104,0.01522987678676559,0.0007990659214556217,0.0023453938774764538,0.0013520870124921205,0.9389937348695028,0.9086176515337872
