task,weight_ce,weight_kl,weight_mse,temperature,best_val_mcc,best_test_mcc,best_epoch
H3K27me3,0.5,1.0,5.0,2.0,0.603,0.5696559315529105,48
H3K36me3,0.5,1.0,5.0,2.0,0.6188,0.5563926080820238,24
H4K20me1,0.5,1.0,0.0,4.0,0.636,0.6210991876170348,60
H2AFZ,0.5,1.0,2.0,4.0,0.5265,0.5029485146746862,33
H3K27ac,0.5,0.5,0.0,4.0,0.4909,0.47549059151825585,51
H3K4me1,0.5,0.5,0.0,4.0,0.5043,0.4762375916504559,62
H3K4me2,0.5,1.0,0.0,1.0,0.5926,0.5480582727056326,39
H3K4me3,0.5,0.5,1.0,4.0,0.6842,0.631915699720327,28
H3K9ac,0.5,0.5,0.0,4.0,0.5614,0.49544541153489696,79
H3K9me3,0.5,0.0,2.0,0.5,0.4189,0.40709484572280535,17
promoter_all,0.5,1.0,2.0,4.0,0.7556,0.7268919256114611,32
promoter_tata,0.5,0.5,1.0,0.5,0.8937,0.811465207803627,143
promoter_no_tata,0.5,0.5,1.0,1.5,0.7524,0.7351439159558685,27
enhancers,0.5,1.0,0.0,1.5,0.5434,0.5055218109108799,57
enhancers_types,0.5,0.5,0.2,2.0,0.4831,0.4688330833399039,43
splice_sites_all,0.5,0.5,0.0,4.0,0.931,0.9206222364218718,161
splice_sites_acceptors,0.5,0.0,0.0,0.5,0.906,0.8906586829357546,197
splice_sites_donors,0.5,0.25,2.0,1.5,0.9567,0.9213328351746003,175
