,BPNet,Distilled Nucleotide Transformer,DNABERT-2,Distilled DNABERT-2,Enformer,Enformer Distilled,Nucleotide Transformer,Caduceus,Distilled Caduceus
H3K9ac,0.52134,0.51054,0.53237,0.5144,0.63638,0.5362,0.53832327,0.53722,0.52166
H3K27ac,0.42754,0.46552,0.51289,0.45663,0.5451,0.4585,0.522573268,0.47796,0.46265
enhancers,0.47267,0.48492,0.54418,0.48266,0.65099,0.5169,0.507693649,0.51375,0.48923
enhancers_types,0.453,0.45937,0.51178,0.46297,0.59294,0.4545,0.473265852,0.49228,0.45818
promoter_all,0.67679,0.71639,0.76396,0.71351,0.74647,0.7422,0.73374,0.76154,0.74115
promoter_tata,0.78333,0.8136,0.90582,0.83966,0.76584,0.7937,0.9476,0.81496,0.8774
promoter_no_tata,0.69826,0.73734,0.77019,0.72737,0.7659,0.7151,0.7531,0.7675,0.71225
H3K4me1,0.46064,0.4758,0.51208,0.52183,0.56812,0.4701,0.479414067,0.4902,0.48308
H3K4me2,0.53658,0.55007,0.56252,0.52949,0.63124,0.5431,0.556654317,0.55484,0.5432
H3K4me3,0.62384,0.63403,0.63931,0.61184,0.64848,0.6502,0.632808114,0.63665,0.63416
H2AFZ,0.4568,0.50614,0.48564,0.49622,0.56217,0.52,0.510011906,0.50129,0.51361
H3K27me3,0.54969,0.57441,0.60376,0.55104,0.57781,0.5801,0.611405927,0.58968,0.56887
H3K36me3,0.55461,0.57997,0.64535,0.5562,0.58053,0.5914,0.653046675,0.60672,0.55165
H3K9me3,0.32946,0.36004,0.50377,0.4014,0.49418,0.4112,0.463561624,0.45532,0.42366
H4K20me1,0.60608,0.6208,0.6424,0.60893,0.63323,0.6323,0.655704093,0.6275,0.60538
splice_sites_donors,0.85273,0.83918,0.84534,0.91881,0.85665,0.8432,0.970110204,0.7307,0.89398
splice_sites_all,0.7571,0.82729,0.86448,0.85301,0.83829,0.8007,0.954118811,0.72975,0.76002
splice_sites_acceptors,0.82799,0.87878,0.834,0.84207,0.84664,0.8199,0.955175662,0.7256,0.844
