teacher,task,hp_search,seed42,seed123,seed456,best_ckpt,hf_uploaded,docx_row
carbon,H3K27me3,partial (32/64),-,-,-,-,yes(carbon_bpnet_students),-
carbon,H3K36me3,partial (32/64),-,-,-,-,yes(carbon_bpnet_students),-
carbon,H4K20me1,partial (32/64),-,-,-,-,yes(carbon_bpnet_students),-
carbon,H2AFZ,yes,-,-,-,-,yes(carbon_bpnet_students),-
carbon,H3K27ac,partial (51/64),-,-,-,-,yes(carbon_bpnet_students),-
carbon,H3K4me1,partial (32/64),-,-,-,-,yes(carbon_bpnet_students),-
carbon,H3K4me2,partial (32/64),-,-,-,-,yes(carbon_bpnet_students),-
carbon,H3K4me3,partial (32/64),-,-,-,-,yes(carbon_bpnet_students),-
carbon,H3K9ac,partial (32/64),-,-,-,-,yes(carbon_bpnet_students),-
carbon,H3K9me3,partial (32/64),-,-,-,-,yes(carbon_bpnet_students),-
carbon,promoter_all,partial (32/64),-,-,-,-,yes(carbon_bpnet_students),-
carbon,promoter_tata,partial (32/64),-,-,-,-,yes(carbon_bpnet_students),-
carbon,promoter_no_tata,partial (32/64),-,-,-,-,yes(carbon_bpnet_students),-
carbon,enhancers,partial (32/64),-,-,-,-,yes(carbon_bpnet_students),-
carbon,enhancers_types,partial (3/64),-,-,-,-,yes(carbon_bpnet_students),-
carbon,splice_sites_all,partial (35/64),-,-,-,-,yes(carbon_bpnet_students),-
carbon,splice_sites_acceptors,partial (2/64),-,-,-,-,yes(carbon_bpnet_students),-
carbon,splice_sites_donors,partial (10/64),-,-,-,-,yes(carbon_bpnet_students),-
nt,H3K27me3,yes(best_hp seed42),-,-,-,-,no,-
nt,H3K36me3,yes(best_hp seed42),-,-,-,-,no,-
nt,H4K20me1,yes(best_hp seed42),-,-,-,-,no,-
nt,H2AFZ,yes(best_hp seed42),-,-,-,-,no,-
nt,H3K27ac,yes(best_hp seed42),-,-,-,-,no,-
nt,H3K4me1,yes(best_hp seed42),-,-,-,-,no,-
nt,H3K4me2,yes(best_hp seed42),-,-,-,-,no,-
nt,H3K4me3,yes(best_hp seed42),-,-,-,-,no,-
nt,H3K9ac,yes(best_hp seed42),-,-,-,-,no,-
nt,H3K9me3,yes(best_hp seed42),-,-,-,-,no,-
nt,promoter_all,yes(best_hp seed42),-,-,-,-,no,-
nt,promoter_tata,yes(best_hp seed42),-,-,-,-,no,-
nt,promoter_no_tata,yes(best_hp seed42),-,-,-,-,no,-
nt,enhancers,yes(best_hp seed42),-,-,-,-,no,-
nt,enhancers_types,yes(best_hp seed42),-,-,-,-,no,-
nt,splice_sites_all,yes(best_hp seed42),-,-,-,-,no,-
nt,splice_sites_acceptors,yes(best_hp seed42),-,-,-,-,no,-
nt,splice_sites_donors,yes(best_hp seed42),-,-,-,-,no,-
dnabert2,H3K27me3,yes(best_hp seed42),-,-,-,-,no,-
dnabert2,H3K36me3,yes(best_hp seed42),-,-,-,-,no,-
dnabert2,H4K20me1,yes(best_hp seed42),-,-,-,-,no,-
dnabert2,H2AFZ,yes(best_hp seed42),-,-,-,-,no,-
dnabert2,H3K27ac,yes(best_hp seed42),-,-,-,-,no,-
dnabert2,H3K4me1,yes(best_hp seed42),-,-,-,-,no,-
dnabert2,H3K4me2,yes(best_hp seed42),-,-,-,-,no,-
dnabert2,H3K4me3,yes(best_hp seed42),-,-,-,-,no,-
dnabert2,H3K9ac,yes(best_hp seed42),-,-,-,-,no,-
dnabert2,H3K9me3,yes(best_hp seed42),-,-,-,-,no,-
dnabert2,promoter_all,yes(best_hp seed42),-,-,-,-,no,-
dnabert2,promoter_tata,yes(best_hp seed42),-,-,-,-,no,-
dnabert2,promoter_no_tata,yes(best_hp seed42),-,-,-,-,no,-
dnabert2,enhancers,yes(best_hp seed42),-,-,-,-,no,-
dnabert2,enhancers_types,yes(best_hp seed42),-,-,-,-,no,-
dnabert2,splice_sites_all,yes(best_hp seed42),-,-,-,-,no,-
dnabert2,splice_sites_acceptors,yes(best_hp seed42),-,-,-,-,no,-
dnabert2,splice_sites_donors,yes(best_hp seed42),-,-,-,-,no,-
caduceus,H3K27me3,yes(best_hp seed42),-,-,-,-,no,-
caduceus,H3K36me3,yes(best_hp seed42),-,-,-,-,no,-
caduceus,H4K20me1,yes(best_hp seed42),-,-,-,-,no,-
caduceus,H2AFZ,yes(best_hp seed42),-,-,-,-,no,-
caduceus,H3K27ac,yes(best_hp seed42),-,-,-,-,no,-
caduceus,H3K4me1,yes(best_hp seed42),-,-,-,-,no,-
caduceus,H3K4me2,yes(best_hp seed42),-,-,-,-,no,-
caduceus,H3K4me3,yes(best_hp seed42),-,-,-,-,no,-
caduceus,H3K9ac,yes(best_hp seed42),-,-,-,-,no,-
caduceus,H3K9me3,yes(best_hp seed42),-,-,-,-,no,-
caduceus,promoter_all,yes(best_hp seed42),-,-,-,-,no,-
caduceus,promoter_tata,yes(best_hp seed42),-,-,-,-,no,-
caduceus,promoter_no_tata,yes(best_hp seed42),-,-,-,-,no,-
caduceus,enhancers,yes(best_hp seed42),-,-,-,-,no,-
caduceus,enhancers_types,yes(best_hp seed42),-,-,-,-,no,-
caduceus,splice_sites_all,yes(best_hp seed42),-,-,-,-,no,-
caduceus,splice_sites_acceptors,yes(best_hp seed42),-,-,-,-,no,-
caduceus,splice_sites_donors,yes(best_hp seed42),-,-,-,-,no,-
enformer,H3K27me3,yes(best_hp seed42),-,-,-,-,no,-
enformer,H3K36me3,yes(best_hp seed42),-,-,-,-,no,-
enformer,H4K20me1,yes(best_hp seed42),-,-,-,-,no,-
enformer,H2AFZ,yes(best_hp seed42),-,-,-,-,no,-
enformer,H3K27ac,yes(best_hp seed42),-,-,-,-,no,-
enformer,H3K4me1,yes(best_hp seed42),-,-,-,-,no,-
enformer,H3K4me2,yes(best_hp seed42),-,-,-,-,no,-
enformer,H3K4me3,yes(best_hp seed42),-,-,-,-,no,-
enformer,H3K9ac,yes(best_hp seed42),-,-,-,-,no,-
enformer,H3K9me3,yes(best_hp seed42),-,-,-,-,no,-
enformer,promoter_all,yes(best_hp seed42),-,-,-,-,no,-
enformer,promoter_tata,yes(best_hp seed42),-,-,-,-,no,-
enformer,promoter_no_tata,yes(best_hp seed42),-,-,-,-,no,-
enformer,enhancers,yes(best_hp seed42),-,-,-,-,no,-
enformer,enhancers_types,yes(best_hp seed42),-,-,-,-,no,-
enformer,splice_sites_all,yes(best_hp seed42),-,-,-,-,no,-
enformer,splice_sites_acceptors,yes(best_hp seed42),-,-,-,-,no,-
enformer,splice_sites_donors,yes(best_hp seed42),-,-,-,-,no,-
