teacher,teacher_key,task,n_seeds,mean_test_mcc,std_test_mcc,seeds
Caduceus,caduceus,H2AFZ,3,0.4867,0.0124,0:0.4973;1:0.4934;2:0.4693
Caduceus,caduceus,H3K27ac,3,0.4577,0.0076,0:0.4475;1:0.4656;2:0.4601
Caduceus,caduceus,H3K27me3,3,0.5596,0.004,0:0.5584;1:0.5650;2:0.5555
Caduceus,caduceus,H3K36me3,3,0.5799,0.0115,0:0.5772;1:0.5673;2:0.5951
Caduceus,caduceus,H3K4me1,3,0.4711,0.0037,0:0.4741;1:0.4660;2:0.4734
Caduceus,caduceus,H3K4me2,3,0.5463,0.0079,0:0.5354;1:0.5540;2:0.5495
Caduceus,caduceus,H3K4me3,3,0.6115,0.0079,0:0.6019;1:0.6212;2:0.6114
Caduceus,caduceus,H3K9ac,3,0.503,0.0131,0:0.5141;1:0.5102;2:0.4847
Caduceus,caduceus,H3K9me3,3,0.422,0.0166,0:0.3994;1:0.4274;2:0.4391
Caduceus,caduceus,H4K20me1,3,0.607,0.0102,0:0.6187;1:0.5938;2:0.6084
Caduceus,caduceus,enhancers,3,0.5028,0.0059,0:0.4949;1:0.5088;2:0.5049
Caduceus,caduceus,enhancers_types,3,0.4771,0.008,0:0.4776;1:0.4670;2:0.4866
Caduceus,caduceus,promoter_all,3,0.7211,0.0041,0:0.7164;1:0.7205;2:0.7264
Caduceus,caduceus,promoter_no_tata,3,0.7373,0.006,0:0.7391;1:0.7292;2:0.7436
Caduceus,caduceus,promoter_tata,3,0.7793,0.0238,0:0.7873;1:0.8036;2:0.7469
Caduceus,caduceus,splice_sites_acceptors,3,0.8122,0.0076,0:0.8215;1:0.8030;2:0.8122
Caduceus,caduceus,splice_sites_all,3,0.8394,0.0075,0:0.8295;1:0.8409;2:0.8477
Caduceus,caduceus,splice_sites_donors,3,0.8168,0.0336,0:0.7851;1:0.8020;2:0.8633
Carbon-3B,carbon,H2AFZ,3,0.493,0.0079,0:0.4907;1:0.5037;2:0.4847
Carbon-3B,carbon,H3K27ac,3,0.4669,0.0052,0:0.4632;1:0.4743;2:0.4632
Carbon-3B,carbon,H3K27me3,3,0.5752,0.0039,0:0.5751;1:0.5800;2:0.5704
Carbon-3B,carbon,H3K36me3,3,0.5677,0.0052,0:0.5685;1:0.5736;2:0.5610
Carbon-3B,carbon,H3K4me1,3,0.4741,0.0068,0:0.4835;1:0.4703;2:0.4683
Carbon-3B,carbon,H3K4me2,3,0.5457,0.0043,0:0.5399;1:0.5471;2:0.5502
Carbon-3B,carbon,H3K4me3,3,0.602,0.0132,0:0.6191;1:0.5870;2:0.5999
Carbon-3B,carbon,H3K9ac,3,0.5154,0.0087,0:0.5051;1:0.5148;2:0.5264
Carbon-3B,carbon,H3K9me3,3,0.4082,0.0084,0:0.4185;1:0.3979;2:0.4083
Carbon-3B,carbon,H4K20me1,3,0.6191,0.0046,0:0.6233;1:0.6127;2:0.6213
Carbon-3B,carbon,enhancers,3,0.5016,0.0052,0:0.5083;1:0.5008;2:0.4958
Carbon-3B,carbon,enhancers_types,3,0.4594,0.004,0:0.4638;1:0.4541;2:0.4603
Carbon-3B,carbon,promoter_all,3,0.7287,0.0078,0:0.7264;1:0.7205;2:0.7393
Carbon-3B,carbon,promoter_no_tata,3,0.7294,0.0062,0:0.7221;1:0.7288;2:0.7373
Carbon-3B,carbon,promoter_tata,3,0.8157,0.0085,0:0.8226;1:0.8208;2:0.8036
Carbon-3B,carbon,splice_sites_acceptors,3,0.8643,0.0113,0:0.8488;1:0.8753;2:0.8688
Carbon-3B,carbon,splice_sites_all,3,0.8974,0.0274,0:0.9126;1:0.9208;2:0.8590
Carbon-3B,carbon,splice_sites_donors,3,0.8901,0.015,0:0.9040;1:0.8693;2:0.8969
DNABERT-2,dnabert2,H2AFZ,3,0.4794,0.0047,0:0.4860;1:0.4754;2:0.4769
DNABERT-2,dnabert2,H3K27ac,3,0.4583,0.0119,0:0.4415;1:0.4677;2:0.4657
DNABERT-2,dnabert2,H3K27me3,3,0.5502,0.0055,0:0.5447;1:0.5576;2:0.5484
DNABERT-2,dnabert2,H3K36me3,3,0.5617,0.0052,0:0.5563;1:0.5687;2:0.5599
DNABERT-2,dnabert2,H3K4me1,3,0.4611,0.0036,0:0.4623;1:0.4563;2:0.4649
DNABERT-2,dnabert2,H3K4me2,3,0.5411,0.0063,0:0.5481;1:0.5328;2:0.5424
DNABERT-2,dnabert2,H3K4me3,3,0.611,0.0124,0:0.6230;1:0.6160;2:0.5940
DNABERT-2,dnabert2,H3K9ac,3,0.4947,0.0056,0:0.4869;1:0.4970;2:0.5002
DNABERT-2,dnabert2,H3K9me3,3,0.3972,0.0013,0:0.3978;1:0.3984;2:0.3955
DNABERT-2,dnabert2,H4K20me1,3,0.6055,0.0081,0:0.6148;1:0.5950;2:0.6065
DNABERT-2,dnabert2,enhancers,3,0.4938,0.0017,0:0.4940;1:0.4957;2:0.4916
DNABERT-2,dnabert2,enhancers_types,3,0.459,0.0099,0:0.4670;1:0.4451;2:0.4651
DNABERT-2,dnabert2,promoter_all,3,0.7185,0.0071,0:0.7134;1:0.7137;2:0.7285
DNABERT-2,dnabert2,promoter_no_tata,3,0.7183,0.0102,0:0.7196;1:0.7301;2:0.7051
DNABERT-2,dnabert2,promoter_tata,3,0.8023,0.0275,0:0.8397;1:0.7930;2:0.7741
DNABERT-2,dnabert2,splice_sites_acceptors,3,0.8244,0.0016,0:0.8233;1:0.8233;2:0.8266
DNABERT-2,dnabert2,splice_sites_all,3,0.8008,0.0066,0:0.8060;1:0.7916;2:0.8050
DNABERT-2,dnabert2,splice_sites_donors,3,0.8305,0.0255,0:0.8025;1:0.8247;2:0.8641
Enformer,enformer,H2AFZ,3,0.5047,0.0061,0:0.5131;1:0.4992;2:0.5017
Enformer,enformer,H3K27ac,3,0.4614,0.0066,0:0.4535;1:0.4609;2:0.4698
Enformer,enformer,H3K27me3,3,0.5882,0.007,0:0.5960;1:0.5790;2:0.5897
Enformer,enformer,H3K36me3,3,0.5929,0.0012,0:0.5912;1:0.5942;2:0.5932
Enformer,enformer,H3K4me1,3,0.4749,0.0016,0:0.4751;1:0.4729;2:0.4768
Enformer,enformer,H3K4me2,3,0.5427,0.0132,0:0.5244;1:0.5551;2:0.5486
Enformer,enformer,H3K4me3,3,0.6272,0.0071,0:0.6297;1:0.6343;2:0.6175
Enformer,enformer,H3K9ac,3,0.5137,0.0046,0:0.5134;1:0.5082;2:0.5195
Enformer,enformer,H3K9me3,3,0.4294,0.008,0:0.4214;1:0.4264;2:0.4403
Enformer,enformer,H4K20me1,3,0.6177,0.0052,0:0.6175;1:0.6242;2:0.6113
Enformer,enformer,enhancers,3,0.5061,0.0058,0:0.5083;1:0.4982;2:0.5117
Enformer,enformer,enhancers_types,3,0.4696,0.0045,0:0.4726;1:0.4632;2:0.4729
Enformer,enformer,promoter_all,3,0.7281,0.0048,0:0.7282;1:0.7222;2:0.7339
Enformer,enformer,promoter_no_tata,3,0.7402,0.0045,0:0.7450;1:0.7342;2:0.7415
Enformer,enformer,promoter_tata,3,0.7969,0.0194,0:0.7960;1:0.8211;2:0.7736
Enformer,enformer,splice_sites_acceptors,3,0.8525,0.0128,0:0.8595;1:0.8635;2:0.8345
Enformer,enformer,splice_sites_all,3,0.8277,0.0116,0:0.8431;1:0.8151;2:0.8250
Enformer,enformer,splice_sites_donors,3,0.8903,0.0125,0:0.8896;1:0.8754;2:0.9060
NT-2.5B,nt,H2AFZ,3,0.4905,0.0029,0:0.4885;1:0.4884;2:0.4947
NT-2.5B,nt,H3K27ac,3,0.4831,0.0058,0:0.4869;1:0.4749;2:0.4876
NT-2.5B,nt,H3K27me3,3,0.5794,0.0058,0:0.5838;1:0.5832;2:0.5712
NT-2.5B,nt,H3K36me3,3,0.5867,0.0012,0:0.5859;1:0.5884;2:0.5859
NT-2.5B,nt,H3K4me1,3,0.4751,0.0079,0:0.4763;1:0.4841;2:0.4649
NT-2.5B,nt,H3K4me2,3,0.5469,0.0057,0:0.5532;1:0.5393;2:0.5482
NT-2.5B,nt,H3K4me3,3,0.6233,0.0027,0:0.6215;1:0.6272;2:0.6213
NT-2.5B,nt,H3K9ac,3,0.5243,0.0086,0:0.5295;1:0.5313;2:0.5122
NT-2.5B,nt,H3K9me3,3,0.4454,0.0109,0:0.4414;1:0.4345;2:0.4603
NT-2.5B,nt,H4K20me1,3,0.6309,0.011,0:0.6443;1:0.6309;2:0.6174
NT-2.5B,nt,enhancers,3,0.5026,0.0084,0:0.4992;1:0.4945;2:0.5142
NT-2.5B,nt,enhancers_types,3,0.4727,0.0099,0:0.4851;1:0.4720;2:0.4609
NT-2.5B,nt,promoter_all,3,0.7343,0.0107,0:0.7383;1:0.7197;2:0.7450
NT-2.5B,nt,promoter_no_tata,3,0.7474,0.0042,0:0.7415;1:0.7494;2:0.7511
NT-2.5B,nt,promoter_tata,3,0.7935,0.0142,0:0.7839;1:0.8136;2:0.7831
NT-2.5B,nt,splice_sites_acceptors,3,0.8599,0.009,0:0.8652;1:0.8673;2:0.8473
NT-2.5B,nt,splice_sites_all,3,0.8495,0.0133,0:0.8674;1:0.8455;2:0.8356
NT-2.5B,nt,splice_sites_donors,3,0.9313,0.0084,0:0.9281;1:0.9427;2:0.9230
