teacher_task,H2AFZ,H3K27ac,H3K27me3,H3K36me3,H3K4me1,H3K4me2,H3K4me3,H3K9ac,H3K9me3,H4K20me1,promoter_all,promoter_no_tata,promoter_tata,enhancers,enhancers_types,splice_sites_all,splice_sites_acceptors,splice_sites_donors
H2AFZ,0.6833,0.6498,0.7270,0.6743,0.6800,0.7016,0.7268,0.7122,0.4953,0.7335,0.5000,0.5000,0.5000,0.4847,,,0.5483,0.5500
H3K27ac,0.6797,0.6776,0.7230,0.6670,0.6820,0.6993,0.7216,0.7211,0.4753,0.7379,0.5000,0.5000,0.5000,0.4840,,,0.5147,0.5217
H3K27me3,0.6867,0.6516,0.7743,0.6937,0.6793,0.7180,0.7423,0.7112,0.4776,0.7555,0.6269,0.6327,0.5849,0.6433,,,0.6033,0.6030
H3K36me3,0.6420,0.6318,0.6993,0.7897,0.6510,0.6712,0.6018,0.6355,0.5729,0.7648,0.4994,0.4978,0.4953,0.5037,,,0.5510,0.5387
H3K4me1,0.7210,0.7141,0.7390,0.7113,0.7243,0.7456,0.7436,0.7271,0.5200,0.7661,0.5000,0.5000,0.5000,0.4843,,,0.4930,0.4953
H3K4me2,0.7413,0.7147,0.7583,0.7133,0.7070,0.7703,0.7629,0.7430,0.5471,0.7714,0.5000,0.5000,0.5000,0.4843,,,0.4927,0.4943
H3K4me3,0.6553,0.6269,0.6547,0.6027,0.6030,0.6843,0.8041,0.6982,0.4659,0.6599,0.5000,0.5000,0.5000,0.4843,,,0.4917,0.4933
H3K9ac,0.6933,0.6677,0.7353,0.6623,0.6663,0.7077,0.7668,0.7271,0.4529,0.7542,0.5000,0.5000,0.5000,0.4843,,,0.4970,0.5053
H3K9me3,0.5477,0.5124,0.5110,0.5413,0.5153,0.5449,0.4884,0.4920,0.7012,0.4846,0.5480,0.5729,0.5943,0.5550,,,0.4977,0.5037
H4K20me1,0.6640,0.6745,0.7317,0.7360,0.6930,0.7245,0.6508,0.6873,0.5035,0.8048,0.4994,0.5000,0.5000,0.5227,,,0.6163,0.6037
promoter_all,0.6373,0.6064,0.6747,0.6437,0.5937,0.6665,0.7642,0.6823,0.4529,0.6811,0.8699,0.8819,0.8774,0.6470,,,0.7210,0.7390
promoter_no_tata,0.6370,0.6002,0.6747,0.6367,0.5867,0.6674,0.7835,0.6683,0.4694,0.6863,0.8712,0.8805,0.8585,0.6220,,,0.6807,0.7027
promoter_tata,0.6203,0.6033,0.6447,0.6210,0.5790,0.6543,0.7693,0.6534,0.4694,0.6648,0.6938,0.6684,0.9198,0.5853,,,0.6027,0.6143
enhancers,0.6463,0.6460,0.7010,0.6453,0.6410,0.6829,0.7126,0.6863,0.4835,0.7123,0.7500,0.7748,0.7170,0.7527,,,0.6560,0.6623
enhancers_types,,,,,,,,,,,,,,,0.7173,0.4460,,
splice_sites_all,,,,,,,,,,,,,,,0.5603,0.4890,,
splice_sites_acceptors,0.5933,0.5941,0.5993,0.6377,0.5973,0.5992,0.6211,0.6185,0.4694,0.6207,0.5107,0.5117,0.5142,0.5267,,,0.8687,0.8437
splice_sites_donors,0.5920,0.5996,0.6397,0.6333,0.6030,0.6305,0.6585,0.6365,0.4518,0.6564,0.6319,0.6348,0.6132,0.5367,,,0.8423,0.8660
