task,variant,stage,weight_ce,weight_kl,weight_mse,temperature,lr,batch_size,random_state,best_val_mcc,best_test_mcc,final_test_mcc,best_epoch
H2AFZ,raw,1,0.5,1.0,0.0,4.0,0.0001,16,42,0.522696519394225,0.4934842392949695,0.4750420833349599,43
H3K27ac,raw,1,0.5,0.5,0.0,0.5,0.0001,16,42,0.4895773010690703,0.4816849409739462,0.37144028717592603,34
H3K27me3,raw,1,0.5,1.0,0.0,1.5,0.0001,16,42,0.6012140713950515,0.5898701311021713,0.5257136144102054,54
H3K36me3,raw,1,0.5,1.0,0.0,2.0,0.0001,16,42,0.6175663081565682,0.5634275305648219,0.5000185967393289,43
H3K4me1,raw,1,0.5,1.0,1.0,2.0,0.0001,16,42,0.4930626385467742,0.47175686928083327,0.4109158301466543,42
H3K4me2,raw,1,0.5,1.0,0.0,1.0,0.0001,16,42,0.5925571238978075,0.5480582727056326,0.46305282069963205,39
H3K4me3,raw,1,0.5,0.5,1.0,4.0,0.0001,16,42,0.684171216315145,0.631915699720327,0.5623339978858866,28
H3K9ac,raw,1,0.5,0.5,0.0,4.0,0.0001,16,42,0.561415964673816,0.49544541153489696,0.5009560932509676,79
H3K9me3,raw,1,0.5,0.0,0.0,0.5,0.0001,16,42,0.4092473702964146,0.39719034043356827,0.3074908114795027,26
H4K20me1,raw,1,0.5,1.0,0.0,4.0,0.0001,16,42,0.6359765951332695,0.6210991876170348,0.5774912754853391,60
promoter_all,raw,1,0.5,0.25,1.0,4.0,0.0001,16,42,0.7540995036500179,0.7414555864758243,0.6983932274896123,37
