track_id,assay,test_pearson
ENCSR325NFE,ATAC-seq,0.8326
ENCSR814RGG,ATAC-seq,0.7977
ENCSR410DWV,ATAC-seq,0.7967
ENCSR487QSB,ATAC-seq,0.7132
ENCSR628PLS,ATAC-seq,0.6512
ENCSR962OTG,Histone ChIP-seq,0.9127
ENCSR863PSM,Histone ChIP-seq,0.6934
ENCSR682BFG,Histone ChIP-seq,0.6857
ENCSR754DRC,Histone ChIP-seq,0.6014
ENCSR799DGV_P,PRO-cap,0.5766
ENCSR935RNW_M,PRO-cap,0.5750
ENCSR100LIJ_M,PRO-cap,0.5736
ENCSR935RNW_P,PRO-cap,0.5731
ENCSR799DGV_M,PRO-cap,0.5702
ENCSR100LIJ_P,PRO-cap,0.5671
ENCSR046BCI_M,PRO-cap,0.5344
ENCSR046BCI_P,PRO-cap,0.4899
ENCSR114HGS_P,PRO-cap,0.3425
ENCSR114HGS_M,PRO-cap,0.3413
ENCSR321PWZ_P,eCLIP,0.6850
ENCSR321PWZ_M,eCLIP,0.6770
ENCSR249ROI_M,eCLIP,0.6069
ENCSR249ROI_P,eCLIP,0.5749
ENCSR862QCH_M,eCLIP,0.5416
ENCSR862QCH_P,eCLIP,0.5363
ENCSR154HRN_M,eCLIP,0.5072
ENCSR154HRN_P,eCLIP,0.5060
ENCSR484LTQ_M,eCLIP,0.4782
ENCSR484LTQ_P,eCLIP,0.4727
ENCSR527JGN_P,polyA plus RNA-seq,0.7221
ENCSR527JGN_M,polyA plus RNA-seq,0.5043
ENCSR619DQO_P,total RNA-seq,0.6992
ENCSR619DQO_M,total RNA-seq,0.6989
ENCSR701YIC,total RNA-seq,0.5607
