task,weight_ce,weight_kl,weight_mse,temperature
H3K27me3,0.5,0.0,2.0,1.0
H3K27me3,0.5,0.0,5.0,1.0
H3K27me3,0.5,0.25,2.0,0.5
H3K27me3,0.5,0.25,5.0,0.5
H3K27me3,0.5,0.25,2.0,1.0
H3K27me3,0.5,0.25,5.0,1.0
H3K27me3,0.5,0.25,2.0,1.5
H3K27me3,0.5,0.25,5.0,1.5
H3K27me3,0.5,0.25,2.0,2.0
H3K27me3,0.5,0.25,5.0,2.0
H3K27me3,0.5,0.25,2.0,4.0
H3K27me3,0.5,0.25,5.0,4.0
H3K27me3,0.5,0.5,2.0,0.5
H3K27me3,0.5,0.5,5.0,0.5
H3K27me3,0.5,0.5,2.0,1.0
H3K27me3,0.5,0.5,5.0,1.0
H3K27me3,0.5,0.5,2.0,1.5
H3K27me3,0.5,0.5,5.0,1.5
H3K27me3,0.5,0.5,2.0,2.0
H3K27me3,0.5,0.5,5.0,2.0
H3K27me3,0.5,0.5,2.0,4.0
H3K27me3,0.5,0.5,5.0,4.0
H3K27me3,0.5,1.0,2.0,0.5
H3K27me3,0.5,1.0,5.0,0.5
H3K27me3,0.5,1.0,2.0,1.0
H3K27me3,0.5,1.0,5.0,1.0
H3K27me3,0.5,1.0,2.0,1.5
H3K27me3,0.5,1.0,5.0,1.5
H3K27me3,0.5,1.0,2.0,2.0
H3K27me3,0.5,1.0,5.0,2.0
H3K27me3,0.5,1.0,2.0,4.0
H3K27me3,0.5,1.0,5.0,4.0
H3K36me3,0.5,0.0,2.0,1.0
H3K36me3,0.5,0.0,5.0,1.0
H3K36me3,0.5,0.25,2.0,0.5
H3K36me3,0.5,0.25,5.0,0.5
H3K36me3,0.5,0.25,2.0,1.0
H3K36me3,0.5,0.25,5.0,1.0
H3K36me3,0.5,0.25,2.0,1.5
H3K36me3,0.5,0.25,5.0,1.5
H3K36me3,0.5,0.25,2.0,2.0
H3K36me3,0.5,0.25,5.0,2.0
H3K36me3,0.5,0.25,2.0,4.0
H3K36me3,0.5,0.25,5.0,4.0
H3K36me3,0.5,0.5,2.0,0.5
H3K36me3,0.5,0.5,5.0,0.5
H3K36me3,0.5,0.5,2.0,1.0
H3K36me3,0.5,0.5,5.0,1.0
H3K36me3,0.5,0.5,2.0,1.5
H3K36me3,0.5,0.5,5.0,1.5
H3K36me3,0.5,0.5,2.0,2.0
H3K36me3,0.5,0.5,5.0,2.0
H3K36me3,0.5,0.5,2.0,4.0
H3K36me3,0.5,0.5,5.0,4.0
H3K36me3,0.5,1.0,2.0,0.5
H3K36me3,0.5,1.0,5.0,0.5
H3K36me3,0.5,1.0,2.0,1.0
H3K36me3,0.5,1.0,5.0,1.0
H3K36me3,0.5,1.0,2.0,1.5
H3K36me3,0.5,1.0,5.0,1.5
H3K36me3,0.5,1.0,2.0,2.0
H3K36me3,0.5,1.0,5.0,2.0
H3K36me3,0.5,1.0,2.0,4.0
H3K36me3,0.5,1.0,5.0,4.0
H4K20me1,0.5,0.0,2.0,1.0
H4K20me1,0.5,0.0,5.0,1.0
H4K20me1,0.5,0.25,2.0,0.5
H4K20me1,0.5,0.25,5.0,0.5
H4K20me1,0.5,0.25,2.0,1.0
H4K20me1,0.5,0.25,5.0,1.0
H4K20me1,0.5,0.25,2.0,1.5
H4K20me1,0.5,0.25,5.0,1.5
H4K20me1,0.5,0.25,2.0,2.0
H4K20me1,0.5,0.25,5.0,2.0
H4K20me1,0.5,0.25,2.0,4.0
H4K20me1,0.5,0.25,5.0,4.0
H4K20me1,0.5,0.5,2.0,0.5
H4K20me1,0.5,0.5,5.0,0.5
H4K20me1,0.5,0.5,2.0,1.0
H4K20me1,0.5,0.5,5.0,1.0
H4K20me1,0.5,0.5,2.0,1.5
H4K20me1,0.5,0.5,5.0,1.5
H4K20me1,0.5,0.5,2.0,2.0
H4K20me1,0.5,0.5,5.0,2.0
H4K20me1,0.5,0.5,2.0,4.0
H4K20me1,0.5,0.5,5.0,4.0
H4K20me1,0.5,1.0,2.0,0.5
H4K20me1,0.5,1.0,5.0,0.5
H4K20me1,0.5,1.0,2.0,1.0
H4K20me1,0.5,1.0,5.0,1.0
H4K20me1,0.5,1.0,2.0,1.5
H4K20me1,0.5,1.0,5.0,1.5
H4K20me1,0.5,1.0,2.0,2.0
H4K20me1,0.5,1.0,5.0,2.0
H4K20me1,0.5,1.0,2.0,4.0
H4K20me1,0.5,1.0,5.0,4.0
H3K27ac,0.5,0.5,5.0,1.5
H3K27ac,0.5,0.5,5.0,2.0
H3K27ac,0.5,0.5,5.0,4.0
H3K27ac,0.5,1.0,2.0,0.5
H3K27ac,0.5,1.0,5.0,0.5
H3K27ac,0.5,1.0,2.0,1.0
H3K27ac,0.5,1.0,5.0,1.0
H3K27ac,0.5,1.0,2.0,1.5
H3K27ac,0.5,1.0,5.0,1.5
H3K27ac,0.5,1.0,2.0,2.0
H3K27ac,0.5,1.0,5.0,2.0
H3K27ac,0.5,1.0,2.0,4.0
H3K27ac,0.5,1.0,5.0,4.0
H3K4me1,0.5,0.0,2.0,1.0
H3K4me1,0.5,0.0,5.0,1.0
H3K4me1,0.5,0.25,2.0,0.5
H3K4me1,0.5,0.25,5.0,0.5
H3K4me1,0.5,0.25,2.0,1.0
H3K4me1,0.5,0.25,5.0,1.0
H3K4me1,0.5,0.25,2.0,1.5
H3K4me1,0.5,0.25,5.0,1.5
H3K4me1,0.5,0.25,2.0,2.0
H3K4me1,0.5,0.25,5.0,2.0
H3K4me1,0.5,0.25,2.0,4.0
H3K4me1,0.5,0.25,5.0,4.0
H3K4me1,0.5,0.5,2.0,0.5
H3K4me1,0.5,0.5,5.0,0.5
H3K4me1,0.5,0.5,2.0,1.0
H3K4me1,0.5,0.5,5.0,1.0
H3K4me1,0.5,0.5,2.0,1.5
H3K4me1,0.5,0.5,5.0,1.5
H3K4me1,0.5,0.5,2.0,2.0
H3K4me1,0.5,0.5,5.0,2.0
H3K4me1,0.5,0.5,2.0,4.0
H3K4me1,0.5,0.5,5.0,4.0
H3K4me1,0.5,1.0,2.0,0.5
H3K4me1,0.5,1.0,5.0,0.5
H3K4me1,0.5,1.0,2.0,1.0
H3K4me1,0.5,1.0,5.0,1.0
H3K4me1,0.5,1.0,2.0,1.5
H3K4me1,0.5,1.0,5.0,1.5
H3K4me1,0.5,1.0,2.0,2.0
H3K4me1,0.5,1.0,5.0,2.0
H3K4me1,0.5,1.0,2.0,4.0
H3K4me1,0.5,1.0,5.0,4.0
H3K4me2,0.5,0.0,2.0,1.0
H3K4me2,0.5,0.0,5.0,1.0
H3K4me2,0.5,0.25,2.0,0.5
H3K4me2,0.5,0.25,5.0,0.5
H3K4me2,0.5,0.25,2.0,1.0
H3K4me2,0.5,0.25,5.0,1.0
H3K4me2,0.5,0.25,2.0,1.5
H3K4me2,0.5,0.25,5.0,1.5
H3K4me2,0.5,0.25,2.0,2.0
H3K4me2,0.5,0.25,5.0,2.0
H3K4me2,0.5,0.25,2.0,4.0
H3K4me2,0.5,0.25,5.0,4.0
H3K4me2,0.5,0.5,2.0,0.5
H3K4me2,0.5,0.5,5.0,0.5
H3K4me2,0.5,0.5,2.0,1.0
H3K4me2,0.5,0.5,5.0,1.0
H3K4me2,0.5,0.5,2.0,1.5
H3K4me2,0.5,0.5,5.0,1.5
H3K4me2,0.5,0.5,2.0,2.0
H3K4me2,0.5,0.5,5.0,2.0
H3K4me2,0.5,0.5,2.0,4.0
H3K4me2,0.5,0.5,5.0,4.0
H3K4me2,0.5,1.0,2.0,0.5
H3K4me2,0.5,1.0,5.0,0.5
H3K4me2,0.5,1.0,2.0,1.0
H3K4me2,0.5,1.0,5.0,1.0
H3K4me2,0.5,1.0,2.0,1.5
H3K4me2,0.5,1.0,5.0,1.5
H3K4me2,0.5,1.0,2.0,2.0
H3K4me2,0.5,1.0,5.0,2.0
H3K4me2,0.5,1.0,2.0,4.0
H3K4me2,0.5,1.0,5.0,4.0
H3K4me3,0.5,0.0,2.0,1.0
H3K4me3,0.5,0.0,5.0,1.0
H3K4me3,0.5,0.25,2.0,0.5
H3K4me3,0.5,0.25,5.0,0.5
H3K4me3,0.5,0.25,2.0,1.0
H3K4me3,0.5,0.25,5.0,1.0
H3K4me3,0.5,0.25,2.0,1.5
H3K4me3,0.5,0.25,5.0,1.5
H3K4me3,0.5,0.25,2.0,2.0
H3K4me3,0.5,0.25,5.0,2.0
H3K4me3,0.5,0.25,2.0,4.0
H3K4me3,0.5,0.25,5.0,4.0
H3K4me3,0.5,0.5,2.0,0.5
H3K4me3,0.5,0.5,5.0,0.5
H3K4me3,0.5,0.5,2.0,1.0
H3K4me3,0.5,0.5,5.0,1.0
H3K4me3,0.5,0.5,2.0,1.5
H3K4me3,0.5,0.5,5.0,1.5
H3K4me3,0.5,0.5,2.0,2.0
H3K4me3,0.5,0.5,5.0,2.0
H3K4me3,0.5,0.5,2.0,4.0
H3K4me3,0.5,0.5,5.0,4.0
H3K4me3,0.5,1.0,2.0,0.5
H3K4me3,0.5,1.0,5.0,0.5
H3K4me3,0.5,1.0,2.0,1.0
H3K4me3,0.5,1.0,5.0,1.0
H3K4me3,0.5,1.0,2.0,1.5
H3K4me3,0.5,1.0,5.0,1.5
H3K4me3,0.5,1.0,2.0,2.0
H3K4me3,0.5,1.0,5.0,2.0
H3K4me3,0.5,1.0,2.0,4.0
H3K4me3,0.5,1.0,5.0,4.0
H3K9ac,0.5,0.0,2.0,1.0
H3K9ac,0.5,0.0,5.0,1.0
H3K9ac,0.5,0.25,2.0,0.5
H3K9ac,0.5,0.25,5.0,0.5
H3K9ac,0.5,0.25,2.0,1.0
H3K9ac,0.5,0.25,5.0,1.0
H3K9ac,0.5,0.25,2.0,1.5
H3K9ac,0.5,0.25,5.0,1.5
H3K9ac,0.5,0.25,2.0,2.0
H3K9ac,0.5,0.25,5.0,2.0
H3K9ac,0.5,0.25,2.0,4.0
H3K9ac,0.5,0.25,5.0,4.0
H3K9ac,0.5,0.5,2.0,0.5
H3K9ac,0.5,0.5,5.0,0.5
H3K9ac,0.5,0.5,2.0,1.0
H3K9ac,0.5,0.5,5.0,1.0
H3K9ac,0.5,0.5,2.0,1.5
H3K9ac,0.5,0.5,5.0,1.5
H3K9ac,0.5,0.5,2.0,2.0
H3K9ac,0.5,0.5,5.0,2.0
H3K9ac,0.5,0.5,2.0,4.0
H3K9ac,0.5,0.5,5.0,4.0
H3K9ac,0.5,1.0,2.0,0.5
H3K9ac,0.5,1.0,5.0,0.5
H3K9ac,0.5,1.0,2.0,1.0
H3K9ac,0.5,1.0,5.0,1.0
H3K9ac,0.5,1.0,2.0,1.5
H3K9ac,0.5,1.0,5.0,1.5
H3K9ac,0.5,1.0,2.0,2.0
H3K9ac,0.5,1.0,5.0,2.0
H3K9ac,0.5,1.0,2.0,4.0
H3K9ac,0.5,1.0,5.0,4.0
H3K9me3,0.5,0.0,2.0,1.0
H3K9me3,0.5,0.0,5.0,1.0
H3K9me3,0.5,0.25,2.0,0.5
H3K9me3,0.5,0.25,5.0,0.5
H3K9me3,0.5,0.25,2.0,1.0
H3K9me3,0.5,0.25,5.0,1.0
H3K9me3,0.5,0.25,2.0,1.5
H3K9me3,0.5,0.25,5.0,1.5
H3K9me3,0.5,0.25,2.0,2.0
H3K9me3,0.5,0.25,5.0,2.0
H3K9me3,0.5,0.25,2.0,4.0
H3K9me3,0.5,0.25,5.0,4.0
H3K9me3,0.5,0.5,2.0,0.5
H3K9me3,0.5,0.5,5.0,0.5
H3K9me3,0.5,0.5,2.0,1.0
H3K9me3,0.5,0.5,5.0,1.0
H3K9me3,0.5,0.5,2.0,1.5
H3K9me3,0.5,0.5,5.0,1.5
H3K9me3,0.5,0.5,2.0,2.0
H3K9me3,0.5,0.5,5.0,2.0
H3K9me3,0.5,0.5,2.0,4.0
H3K9me3,0.5,0.5,5.0,4.0
H3K9me3,0.5,1.0,2.0,0.5
H3K9me3,0.5,1.0,5.0,0.5
H3K9me3,0.5,1.0,2.0,1.0
H3K9me3,0.5,1.0,5.0,1.0
H3K9me3,0.5,1.0,2.0,1.5
H3K9me3,0.5,1.0,5.0,1.5
H3K9me3,0.5,1.0,2.0,2.0
H3K9me3,0.5,1.0,5.0,2.0
H3K9me3,0.5,1.0,2.0,4.0
H3K9me3,0.5,1.0,5.0,4.0
promoter_all,0.5,0.0,2.0,1.0
promoter_all,0.5,0.0,5.0,1.0
promoter_all,0.5,0.25,2.0,0.5
promoter_all,0.5,0.25,5.0,0.5
promoter_all,0.5,0.25,2.0,1.0
promoter_all,0.5,0.25,5.0,1.0
promoter_all,0.5,0.25,2.0,1.5
promoter_all,0.5,0.25,5.0,1.5
promoter_all,0.5,0.25,2.0,2.0
promoter_all,0.5,0.25,5.0,2.0
promoter_all,0.5,0.25,2.0,4.0
promoter_all,0.5,0.25,5.0,4.0
promoter_all,0.5,0.5,2.0,0.5
promoter_all,0.5,0.5,5.0,0.5
promoter_all,0.5,0.5,2.0,1.0
promoter_all,0.5,0.5,5.0,1.0
promoter_all,0.5,0.5,2.0,1.5
promoter_all,0.5,0.5,5.0,1.5
promoter_all,0.5,0.5,2.0,2.0
promoter_all,0.5,0.5,5.0,2.0
promoter_all,0.5,0.5,2.0,4.0
promoter_all,0.5,0.5,5.0,4.0
promoter_all,0.5,1.0,2.0,0.5
promoter_all,0.5,1.0,5.0,0.5
promoter_all,0.5,1.0,2.0,1.0
promoter_all,0.5,1.0,5.0,1.0
promoter_all,0.5,1.0,2.0,1.5
promoter_all,0.5,1.0,5.0,1.5
promoter_all,0.5,1.0,2.0,2.0
promoter_all,0.5,1.0,5.0,2.0
promoter_all,0.5,1.0,2.0,4.0
promoter_all,0.5,1.0,5.0,4.0
promoter_tata,0.5,0.0,2.0,1.0
promoter_tata,0.5,0.0,5.0,1.0
promoter_tata,0.5,0.25,2.0,0.5
promoter_tata,0.5,0.25,5.0,0.5
promoter_tata,0.5,0.25,2.0,1.0
promoter_tata,0.5,0.25,5.0,1.0
promoter_tata,0.5,0.25,2.0,1.5
promoter_tata,0.5,0.25,5.0,1.5
promoter_tata,0.5,0.25,2.0,2.0
promoter_tata,0.5,0.25,5.0,2.0
promoter_tata,0.5,0.25,2.0,4.0
promoter_tata,0.5,0.25,5.0,4.0
promoter_tata,0.5,0.5,2.0,0.5
promoter_tata,0.5,0.5,5.0,0.5
promoter_tata,0.5,0.5,2.0,1.0
promoter_tata,0.5,0.5,5.0,1.0
promoter_tata,0.5,0.5,2.0,1.5
promoter_tata,0.5,0.5,5.0,1.5
promoter_tata,0.5,0.5,2.0,2.0
promoter_tata,0.5,0.5,5.0,2.0
promoter_tata,0.5,0.5,2.0,4.0
promoter_tata,0.5,0.5,5.0,4.0
promoter_tata,0.5,1.0,2.0,0.5
promoter_tata,0.5,1.0,5.0,0.5
promoter_tata,0.5,1.0,2.0,1.0
promoter_tata,0.5,1.0,5.0,1.0
promoter_tata,0.5,1.0,2.0,1.5
promoter_tata,0.5,1.0,5.0,1.5
promoter_tata,0.5,1.0,2.0,2.0
promoter_tata,0.5,1.0,5.0,2.0
promoter_tata,0.5,1.0,2.0,4.0
promoter_tata,0.5,1.0,5.0,4.0
promoter_no_tata,0.5,0.0,2.0,1.0
promoter_no_tata,0.5,0.0,5.0,1.0
promoter_no_tata,0.5,0.25,2.0,0.5
promoter_no_tata,0.5,0.25,5.0,0.5
promoter_no_tata,0.5,0.25,2.0,1.0
promoter_no_tata,0.5,0.25,5.0,1.0
promoter_no_tata,0.5,0.25,2.0,1.5
promoter_no_tata,0.5,0.25,5.0,1.5
promoter_no_tata,0.5,0.25,2.0,2.0
promoter_no_tata,0.5,0.25,5.0,2.0
promoter_no_tata,0.5,0.25,2.0,4.0
promoter_no_tata,0.5,0.25,5.0,4.0
promoter_no_tata,0.5,0.5,2.0,0.5
promoter_no_tata,0.5,0.5,5.0,0.5
promoter_no_tata,0.5,0.5,2.0,1.0
promoter_no_tata,0.5,0.5,5.0,1.0
promoter_no_tata,0.5,0.5,2.0,1.5
promoter_no_tata,0.5,0.5,5.0,1.5
promoter_no_tata,0.5,0.5,2.0,2.0
promoter_no_tata,0.5,0.5,5.0,2.0
promoter_no_tata,0.5,0.5,2.0,4.0
promoter_no_tata,0.5,0.5,5.0,4.0
promoter_no_tata,0.5,1.0,2.0,0.5
promoter_no_tata,0.5,1.0,5.0,0.5
promoter_no_tata,0.5,1.0,2.0,1.0
promoter_no_tata,0.5,1.0,5.0,1.0
promoter_no_tata,0.5,1.0,2.0,1.5
promoter_no_tata,0.5,1.0,5.0,1.5
promoter_no_tata,0.5,1.0,2.0,2.0
promoter_no_tata,0.5,1.0,5.0,2.0
promoter_no_tata,0.5,1.0,2.0,4.0
promoter_no_tata,0.5,1.0,5.0,4.0
enhancers,0.5,0.0,2.0,1.0
enhancers,0.5,0.0,5.0,1.0
enhancers,0.5,0.25,2.0,0.5
enhancers,0.5,0.25,5.0,0.5
enhancers,0.5,0.25,2.0,1.0
enhancers,0.5,0.25,5.0,1.0
enhancers,0.5,0.25,2.0,1.5
enhancers,0.5,0.25,5.0,1.5
enhancers,0.5,0.25,2.0,2.0
enhancers,0.5,0.25,5.0,2.0
enhancers,0.5,0.25,2.0,4.0
enhancers,0.5,0.25,5.0,4.0
enhancers,0.5,0.5,2.0,0.5
enhancers,0.5,0.5,5.0,0.5
enhancers,0.5,0.5,2.0,1.0
enhancers,0.5,0.5,5.0,1.0
enhancers,0.5,0.5,2.0,1.5
enhancers,0.5,0.5,5.0,1.5
enhancers,0.5,0.5,2.0,2.0
enhancers,0.5,0.5,5.0,2.0
enhancers,0.5,0.5,2.0,4.0
enhancers,0.5,0.5,5.0,4.0
enhancers,0.5,1.0,2.0,0.5
enhancers,0.5,1.0,5.0,0.5
enhancers,0.5,1.0,2.0,1.0
enhancers,0.5,1.0,5.0,1.0
enhancers,0.5,1.0,2.0,1.5
enhancers,0.5,1.0,5.0,1.5
enhancers,0.5,1.0,2.0,2.0
enhancers,0.5,1.0,5.0,2.0
enhancers,0.5,1.0,2.0,4.0
enhancers,0.5,1.0,5.0,4.0
enhancers_types,0.5,0.0,2.0,1.0
enhancers_types,0.5,0.0,5.0,1.0
enhancers_types,0.5,0.25,1.0,0.5
enhancers_types,0.5,0.25,2.0,0.5
enhancers_types,0.5,0.25,5.0,0.5
enhancers_types,0.5,0.25,0.0,1.0
enhancers_types,0.5,0.25,1.0,1.0
enhancers_types,0.5,0.25,2.0,1.0
enhancers_types,0.5,0.25,5.0,1.0
enhancers_types,0.5,0.25,0.0,1.5
enhancers_types,0.5,0.25,1.0,1.5
enhancers_types,0.5,0.25,2.0,1.5
enhancers_types,0.5,0.25,5.0,1.5
enhancers_types,0.5,0.25,0.0,2.0
enhancers_types,0.5,0.25,1.0,2.0
enhancers_types,0.5,0.25,2.0,2.0
enhancers_types,0.5,0.25,5.0,2.0
enhancers_types,0.5,0.25,0.0,4.0
enhancers_types,0.5,0.25,1.0,4.0
enhancers_types,0.5,0.25,2.0,4.0
enhancers_types,0.5,0.25,5.0,4.0
enhancers_types,0.5,0.5,0.0,0.5
enhancers_types,0.5,0.5,1.0,0.5
enhancers_types,0.5,0.5,2.0,0.5
enhancers_types,0.5,0.5,5.0,0.5
enhancers_types,0.5,0.5,0.0,1.0
enhancers_types,0.5,0.5,1.0,1.0
enhancers_types,0.5,0.5,2.0,1.0
enhancers_types,0.5,0.5,5.0,1.0
enhancers_types,0.5,0.5,0.0,1.5
enhancers_types,0.5,0.5,1.0,1.5
enhancers_types,0.5,0.5,2.0,1.5
enhancers_types,0.5,0.5,5.0,1.5
enhancers_types,0.5,0.5,0.0,2.0
enhancers_types,0.5,0.5,1.0,2.0
enhancers_types,0.5,0.5,2.0,2.0
enhancers_types,0.5,0.5,5.0,2.0
enhancers_types,0.5,0.5,0.0,4.0
enhancers_types,0.5,0.5,1.0,4.0
enhancers_types,0.5,0.5,2.0,4.0
enhancers_types,0.5,0.5,5.0,4.0
enhancers_types,0.5,1.0,0.0,0.5
enhancers_types,0.5,1.0,1.0,0.5
enhancers_types,0.5,1.0,2.0,0.5
enhancers_types,0.5,1.0,5.0,0.5
enhancers_types,0.5,1.0,0.0,1.0
enhancers_types,0.5,1.0,1.0,1.0
enhancers_types,0.5,1.0,2.0,1.0
enhancers_types,0.5,1.0,5.0,1.0
enhancers_types,0.5,1.0,0.0,1.5
enhancers_types,0.5,1.0,1.0,1.5
enhancers_types,0.5,1.0,2.0,1.5
enhancers_types,0.5,1.0,5.0,1.5
enhancers_types,0.5,1.0,0.0,2.0
enhancers_types,0.5,1.0,1.0,2.0
enhancers_types,0.5,1.0,2.0,2.0
enhancers_types,0.5,1.0,5.0,2.0
enhancers_types,0.5,1.0,0.0,4.0
enhancers_types,0.5,1.0,1.0,4.0
enhancers_types,0.5,1.0,2.0,4.0
enhancers_types,0.5,1.0,5.0,4.0
splice_sites_all,0.5,0.0,1.0,1.0
splice_sites_all,0.5,0.25,0.0,0.5
splice_sites_all,0.5,0.25,1.0,0.5
splice_sites_all,0.5,0.25,0.0,1.0
splice_sites_all,0.5,0.25,1.0,1.0
splice_sites_all,0.5,0.25,0.0,1.5
splice_sites_all,0.5,0.25,1.0,1.5
splice_sites_all,0.5,0.25,0.0,2.0
splice_sites_all,0.5,0.25,1.0,2.0
splice_sites_all,0.5,0.25,0.0,4.0
splice_sites_all,0.5,0.25,1.0,4.0
splice_sites_all,0.5,0.5,0.0,0.5
splice_sites_all,0.5,0.5,1.0,0.5
splice_sites_all,0.5,0.5,0.0,1.0
splice_sites_all,0.5,0.5,1.0,1.0
splice_sites_all,0.5,0.5,0.0,1.5
splice_sites_all,0.5,0.5,1.0,1.5
splice_sites_all,0.5,0.5,1.0,2.0
splice_sites_all,0.5,0.5,0.0,4.0
splice_sites_all,0.5,0.5,1.0,4.0
splice_sites_all,0.5,1.0,0.0,0.5
splice_sites_all,0.5,1.0,1.0,0.5
splice_sites_all,0.5,1.0,0.0,1.0
splice_sites_all,0.5,1.0,1.0,1.0
splice_sites_all,0.5,1.0,0.0,1.5
splice_sites_all,0.5,1.0,1.0,1.5
splice_sites_all,0.5,1.0,0.0,2.0
splice_sites_all,0.5,1.0,1.0,2.0
splice_sites_all,0.5,1.0,1.0,4.0
splice_sites_acceptors,0.5,0.0,2.0,1.0
splice_sites_acceptors,0.5,0.0,5.0,1.0
splice_sites_acceptors,0.5,0.25,0.0,0.5
splice_sites_acceptors,0.5,0.25,1.0,0.5
splice_sites_acceptors,0.5,0.25,2.0,0.5
splice_sites_acceptors,0.5,0.25,5.0,0.5
splice_sites_acceptors,0.5,0.25,0.0,1.0
splice_sites_acceptors,0.5,0.25,1.0,1.0
splice_sites_acceptors,0.5,0.25,2.0,1.0
splice_sites_acceptors,0.5,0.25,5.0,1.0
splice_sites_acceptors,0.5,0.25,0.0,1.5
splice_sites_acceptors,0.5,0.25,1.0,1.5
splice_sites_acceptors,0.5,0.25,2.0,1.5
splice_sites_acceptors,0.5,0.25,5.0,1.5
splice_sites_acceptors,0.5,0.25,0.0,2.0
splice_sites_acceptors,0.5,0.25,1.0,2.0
splice_sites_acceptors,0.5,0.25,2.0,2.0
splice_sites_acceptors,0.5,0.25,5.0,2.0
splice_sites_acceptors,0.5,0.25,0.0,4.0
splice_sites_acceptors,0.5,0.25,1.0,4.0
splice_sites_acceptors,0.5,0.25,2.0,4.0
splice_sites_acceptors,0.5,0.25,5.0,4.0
splice_sites_acceptors,0.5,0.5,0.0,0.5
splice_sites_acceptors,0.5,0.5,1.0,0.5
splice_sites_acceptors,0.5,0.5,2.0,0.5
splice_sites_acceptors,0.5,0.5,5.0,0.5
splice_sites_acceptors,0.5,0.5,0.0,1.0
splice_sites_acceptors,0.5,0.5,1.0,1.0
splice_sites_acceptors,0.5,0.5,2.0,1.0
splice_sites_acceptors,0.5,0.5,5.0,1.0
splice_sites_acceptors,0.5,0.5,0.0,1.5
splice_sites_acceptors,0.5,0.5,1.0,1.5
splice_sites_acceptors,0.5,0.5,2.0,1.5
splice_sites_acceptors,0.5,0.5,5.0,1.5
splice_sites_acceptors,0.5,0.5,0.0,2.0
splice_sites_acceptors,0.5,0.5,1.0,2.0
splice_sites_acceptors,0.5,0.5,2.0,2.0
splice_sites_acceptors,0.5,0.5,5.0,2.0
splice_sites_acceptors,0.5,0.5,0.0,4.0
splice_sites_acceptors,0.5,0.5,1.0,4.0
splice_sites_acceptors,0.5,0.5,2.0,4.0
splice_sites_acceptors,0.5,0.5,5.0,4.0
splice_sites_acceptors,0.5,1.0,0.0,0.5
splice_sites_acceptors,0.5,1.0,1.0,0.5
splice_sites_acceptors,0.5,1.0,2.0,0.5
splice_sites_acceptors,0.5,1.0,5.0,0.5
splice_sites_acceptors,0.5,1.0,0.0,1.0
splice_sites_acceptors,0.5,1.0,1.0,1.0
splice_sites_acceptors,0.5,1.0,2.0,1.0
splice_sites_acceptors,0.5,1.0,5.0,1.0
splice_sites_acceptors,0.5,1.0,0.0,1.5
splice_sites_acceptors,0.5,1.0,1.0,1.5
splice_sites_acceptors,0.5,1.0,2.0,1.5
splice_sites_acceptors,0.5,1.0,5.0,1.5
splice_sites_acceptors,0.5,1.0,0.0,2.0
splice_sites_acceptors,0.5,1.0,1.0,2.0
splice_sites_acceptors,0.5,1.0,2.0,2.0
splice_sites_acceptors,0.5,1.0,5.0,2.0
splice_sites_acceptors,0.5,1.0,0.0,4.0
splice_sites_acceptors,0.5,1.0,1.0,4.0
splice_sites_acceptors,0.5,1.0,2.0,4.0
splice_sites_acceptors,0.5,1.0,5.0,4.0
splice_sites_donors,0.5,0.25,0.0,0.5
splice_sites_donors,0.5,0.25,1.0,0.5
splice_sites_donors,0.5,0.25,0.0,1.0
splice_sites_donors,0.5,0.25,1.0,1.0
splice_sites_donors,0.5,0.25,5.0,1.0
splice_sites_donors,0.5,0.25,0.0,1.5
splice_sites_donors,0.5,0.25,1.0,1.5
splice_sites_donors,0.5,0.25,5.0,1.5
splice_sites_donors,0.5,0.25,0.0,2.0
splice_sites_donors,0.5,0.25,1.0,2.0
splice_sites_donors,0.5,0.25,5.0,2.0
splice_sites_donors,0.5,0.25,0.0,4.0
splice_sites_donors,0.5,0.25,1.0,4.0
splice_sites_donors,0.5,0.25,5.0,4.0
splice_sites_donors,0.5,0.5,0.0,0.5
splice_sites_donors,0.5,0.5,1.0,0.5
splice_sites_donors,0.5,0.5,2.0,0.5
splice_sites_donors,0.5,0.5,5.0,0.5
splice_sites_donors,0.5,0.5,0.0,1.0
splice_sites_donors,0.5,0.5,1.0,1.0
splice_sites_donors,0.5,0.5,2.0,1.0
splice_sites_donors,0.5,0.5,5.0,1.0
splice_sites_donors,0.5,0.5,0.0,1.5
splice_sites_donors,0.5,0.5,1.0,1.5
splice_sites_donors,0.5,0.5,2.0,1.5
splice_sites_donors,0.5,0.5,5.0,1.5
splice_sites_donors,0.5,0.5,0.0,2.0
splice_sites_donors,0.5,0.5,1.0,2.0
splice_sites_donors,0.5,0.5,2.0,2.0
splice_sites_donors,0.5,0.5,5.0,2.0
splice_sites_donors,0.5,0.5,0.0,4.0
splice_sites_donors,0.5,0.5,1.0,4.0
splice_sites_donors,0.5,0.5,2.0,4.0
splice_sites_donors,0.5,0.5,5.0,4.0
splice_sites_donors,0.5,1.0,0.0,0.5
splice_sites_donors,0.5,1.0,1.0,0.5
splice_sites_donors,0.5,1.0,2.0,0.5
splice_sites_donors,0.5,1.0,5.0,0.5
splice_sites_donors,0.5,1.0,0.0,1.0
splice_sites_donors,0.5,1.0,1.0,1.0
splice_sites_donors,0.5,1.0,2.0,1.0
splice_sites_donors,0.5,1.0,5.0,1.0
splice_sites_donors,0.5,1.0,0.0,1.5
splice_sites_donors,0.5,1.0,1.0,1.5
splice_sites_donors,0.5,1.0,2.0,1.5
splice_sites_donors,0.5,1.0,5.0,1.5
splice_sites_donors,0.5,1.0,0.0,2.0
splice_sites_donors,0.5,1.0,1.0,2.0
splice_sites_donors,0.5,1.0,2.0,2.0
splice_sites_donors,0.5,1.0,5.0,2.0
splice_sites_donors,0.5,1.0,0.0,4.0
splice_sites_donors,0.5,1.0,1.0,4.0
splice_sites_donors,0.5,1.0,2.0,4.0
splice_sites_donors,0.5,1.0,5.0,4.0
