Task,Setting,Score,Teacher,BPNet
H2AFZ,C0.4-K0.4-M0.2,0.4993,0.6066,0.4568
H3K9ac,C0.4-K0.4-M0.2,0.5104,0.626,0.52134
H3K27ac,C0.4-K0.4-M0.2,0.477,0.5784,0.42754
enhancers,C0.4-K0.4-M0.2,0.4988,0.6435,0.47267
enhancers_types,C0.4-K0.4-M0.2,0.4668,0.5991,0.453
promoter_all,C0.4-K0.4-M0.2,0.7295,0.7452,0.67679
promoter_tata,C0.4-K0.4-M0.2,0.8048,0.8252,0.78333
promoter_no_tata,C0.4-K0.4-M0.2,0.7413,0.7791,0.69826
H3K4me1,C0.4-K0.4-M0.2,0.4679,0.5603,0.46064
H3K4me2,C0.4-K0.4-M0.2,0.5516,0.6801,0.53658
H3K4me3,C0.4-K0.4-M0.2,0.6341,0.6788,0.62384
H3K27me3,C0.4-K0.4-M0.2,0.5773,0.6165,0.54969
H3K36me3,C0.4-K0.4-M0.2,0.5943,0.6218,0.55461
H3K9me3,C0.4-K0.4-M0.2,0.4254,0.5038,0.32946
H4K20me1,C0.4-K0.4-M0.2,0.6274,0.6481,0.60608
splice_sites_donors,C0.4-K0.4-M0.2,0.7988,0.8589,0.85273
splice_sites_all,C0.4-K0.4-M0.2,0.7591,0.8384,0.7571
splice_sites_acceptors,C0.4-K0.4-M0.2,0.8279,0.8566,0.82799
H2AFZ,C0.5-K0.5-M0.1,0.4888,0.6066,0.4568
H3K9ac,C0.5-K0.5-M0.1,0.525,0.626,0.52134
H3K27ac,C0.5-K0.5-M0.1,0.5012,0.5784,0.42754
enhancers,C0.5-K0.5-M0.1,0.4837,0.6435,0.47267
enhancers_types,C0.5-K0.5-M0.1,0.4781,0.5991,0.453
promoter_all,C0.5-K0.5-M0.1,0.7299,0.7452,0.67679
promoter_tata,C0.5-K0.5-M0.1,0.8302,0.8252,0.78333
promoter_no_tata,C0.5-K0.5-M0.1,0.7319,0.7791,0.69826
H3K4me1,C0.5-K0.5-M0.1,0.4699,0.5603,0.46064
H3K4me2,C0.5-K0.5-M0.1,0.5189,0.6801,0.53658
H3K4me3,C0.5-K0.5-M0.1,0.6271,0.6788,0.62384
H3K27me3,C0.5-K0.5-M0.1,0.5741,0.6165,0.54969
H3K36me3,C0.5-K0.5-M0.1,0.5861,0.6218,0.55461
H3K9me3,C0.5-K0.5-M0.1,0.4245,0.5038,0.32946
H4K20me1,C0.5-K0.5-M0.1,0.6052,0.6481,0.60608
splice_sites_donors,C0.5-K0.5-M0.1,0.8754,0.8589,0.85273
splice_sites_all,C0.5-K0.5-M0.1,0.7821,0.8384,0.7571
splice_sites_acceptors,C0.5-K0.5-M0.1,0.833,0.8566,0.82799
H2AFZ,C0.5-K0.3-M0.2,0.4942,0.6066,0.4568
H3K9ac,C0.5-K0.3-M0.2,0.5324,0.626,0.52134
H3K27ac,C0.5-K0.3-M0.2,0.4736,0.5784,0.42754
enhancers,C0.5-K0.3-M0.2,0.5164,0.6435,0.47267
enhancers_types,C0.5-K0.3-M0.2,0.4588,0.5991,0.453
promoter_all,C0.5-K0.3-M0.2,0.735,0.7452,0.67679
promoter_tata,C0.5-K0.3-M0.2,0.7847,0.8252,0.78333
promoter_no_tata,C0.5-K0.3-M0.2,0.7365,0.7791,0.69826
H3K4me1,C0.5-K0.3-M0.2,0.4713,0.5603,0.46064
H3K4me2,C0.5-K0.3-M0.2,0.5504,0.6801,0.53658
H3K4me3,C0.5-K0.3-M0.2,0.619,0.6788,0.62384
H3K27me3,C0.5-K0.3-M0.2,0.5775,0.6165,0.54969
H3K36me3,C0.5-K0.3-M0.2,0.5982,0.6218,0.55461
H3K9me3,C0.5-K0.3-M0.2,0.4319,0.5038,0.32946
H4K20me1,C0.5-K0.3-M0.2,0.6165,0.6481,0.60608
splice_sites_donors,C0.5-K0.3-M0.2,0.7517,0.8589,0.85273
splice_sites_all,C0.5-K0.3-M0.2,0.8353,0.8384,0.7571
splice_sites_acceptors,C0.5-K0.3-M0.2,0.8448,0.8566,0.82799
H2AFZ,C0.5-K0.5,0.4866,0.6066,0.4568
H3K9ac,C0.5-K0.5,0.5009,0.626,0.52134
H3K27ac,C0.5-K0.5,0.4602,0.5784,0.42754
enhancers,C0.5-K0.5,0.5124,0.6435,0.47267
enhancers_types,C0.5-K0.5,0.4618,0.5991,0.453
promoter_all,C0.5-K0.5,0.7434,0.7452,0.67679
promoter_tata,C0.5-K0.5,0.7786,0.8252,0.78333
promoter_no_tata,C0.5-K0.5,0.7233,0.7791,0.69826
H3K4me1,C0.5-K0.5,0.4795,0.5603,0.46064
H3K4me2,C0.5-K0.5,0.5581,0.6801,0.53658
H3K4me3,C0.5-K0.5,0.6477,0.6788,0.62384
H3K27me3,C0.5-K0.5,0.5682,0.6165,0.54969
H3K36me3,C0.5-K0.5,0.5828,0.6218,0.55461
H3K9me3,C0.5-K0.5,0.4283,0.5038,0.32946
H4K20me1,C0.5-K0.5,0.624,0.6481,0.60608
splice_sites_donors,C0.5-K0.5,0.8307,0.8589,0.85273
splice_sites_all,C0.5-K0.5,0.7849,0.8384,0.7571
splice_sites_acceptors,C0.5-K0.5,0.799,0.8566,0.82799
