task_name,teacher_checkpoint,teacher_test_mcc,student_best_val_mcc,student_test_mcc,lr,lambda_ce,lambda_kl,lambda_mse,temperature
splice_sites_acceptors,epoch19_mcc0.8794.pt,0.8566,0.8214,0.799,0.0001,0.5,0.5,0.0,2.0
splice_sites_acceptors,epoch19_mcc0.8794.pt,0.8566,0.8334,0.8279,0.0001,0.4,0.4,0.2,2.0
splice_sites_donors,epoch12_mcc0.9054.pt,0.8589,0.858,0.8307,0.0001,0.5,0.5,0.0,2.0
splice_sites_donors,epoch12_mcc0.9054.pt,0.8589,0.8567,0.7988,0.0001,0.4,0.4,0.2,2.0
splice_sites_all,epoch17_mcc0.8740.pt,0.8384,0.7857,0.7849,0.0001,0.5,0.5,0.0,2.0
splice_sites_all,epoch17_mcc0.8740.pt,0.8384,0.7705,0.7591,0.0001,0.4,0.4,0.2,2.0
H3K9ac,epoch2_mcc0.6609.pt,0.626,0.5532,0.5009,0.0001,0.5,0.5,0.0,2.0
H3K9ac,epoch2_mcc0.6609.pt,0.626,0.5595,0.5104,0.0001,0.4,0.4,0.2,2.0
enhancers_types,epoch3_mcc0.6176.pt,0.5991,0.4752,0.4618,0.0001,0.5,0.5,0.0,2.0
enhancers_types,epoch3_mcc0.6176.pt,0.5991,0.4801,0.4668,0.0001,0.4,0.4,0.2,2.0
H3K4me1,epoch2_mcc0.5806.pt,0.5603,0.4932,0.4795,0.0001,0.5,0.5,0.0,2.0
H3K4me1,epoch2_mcc0.5806.pt,0.5603,0.4833,0.4679,0.0001,0.4,0.4,0.2,2.0
H3K4me2,epoch1_mcc0.6895.pt,0.6801,0.5963,0.5581,0.0001,0.5,0.5,0.0,2.0
H3K4me3,epoch2_mcc0.7514.pt,0.6788,0.6877,0.6477,0.0001,0.5,0.5,0.0,2.0
H3K4me2,epoch1_mcc0.6895.pt,0.6801,0.5922,0.5516,0.0001,0.4,0.4,0.2,2.0
H3K4me3,epoch2_mcc0.7514.pt,0.6788,0.6841,0.6341,0.0001,0.4,0.4,0.2,2.0
H2AFZ,epoch1_mcc0.5819.pt,0.6066,0.5301,0.4866,0.0001,0.5,0.5,0.0,2.0
H3K27me3,epoch1_mcc0.6270.pt,0.6165,0.6011,0.5682,0.0001,0.5,0.5,0.0,2.0
H2AFZ,epoch1_mcc0.5819.pt,0.6066,0.5191,0.4993,0.0001,0.4,0.4,0.2,2.0
H3K36me3,epoch2_mcc0.6677.pt,0.6218,0.6226,0.5828,0.0001,0.5,0.5,0.0,2.0
H3K27me3,epoch1_mcc0.6270.pt,0.6165,0.5964,0.5773,0.0001,0.4,0.4,0.2,2.0
H4K20me1,epoch1_mcc0.6785.pt,0.6481,0.6329,0.624,0.0001,0.5,0.5,0.0,2.0
H3K36me3,epoch2_mcc0.6677.pt,0.6218,0.6227,0.5943,0.0001,0.4,0.4,0.2,2.0
H3K27ac,epoch2_mcc0.6073.pt,0.5784,0.4825,0.4602,0.0001,0.5,0.5,0.0,2.0
promoter_tata,epoch6_mcc0.7601.pt,0.8252,0.7522,0.7786,0.0001,0.5,0.5,0.0,2.0
H4K20me1,epoch1_mcc0.6785.pt,0.6481,0.6361,0.6274,0.0001,0.4,0.4,0.2,2.0
H3K9me3,epoch2_mcc0.5227.pt,0.5038,0.4415,0.4283,0.0001,0.5,0.5,0.0,2.0
H3K27ac,epoch2_mcc0.6073.pt,0.5784,0.4906,0.477,0.0001,0.4,0.4,0.2,2.0
promoter_tata,epoch6_mcc0.7601.pt,0.8252,0.757,0.8048,0.0001,0.4,0.4,0.2,2.0
promoter_all,epoch2_mcc0.7591.pt,0.7452,0.7289,0.7434,0.0001,0.5,0.5,0.0,2.0
H3K9me3,epoch2_mcc0.5227.pt,0.5038,0.4173,0.4254,0.0001,0.4,0.4,0.2,2.0
promoter_no_tata,epoch3_mcc0.7820.pt,0.7791,0.7568,0.7233,0.0001,0.5,0.5,0.0,2.0
promoter_all,epoch2_mcc0.7591.pt,0.7452,0.7195,0.7295,0.0001,0.4,0.4,0.2,2.0
enhancers,epoch3_mcc0.6668.pt,0.6435,0.4994,0.5124,0.0001,0.5,0.5,0.0,2.0
promoter_no_tata,epoch3_mcc0.7820.pt,0.7791,0.7601,0.7413,0.0001,0.4,0.4,0.2,2.0
enhancers,epoch3_mcc0.6668.pt,0.6435,0.5118,0.4988,0.0001,0.4,0.4,0.2,2.0
splice_sites_acceptors,epoch19_mcc0.8794.pt,0.8566,0.8454,0.8199,0.0001,0.5,0.5,0.0,2.0
splice_sites_donors,epoch12_mcc0.9054.pt,0.8589,0.883,0.8432,0.0001,0.5,0.5,0.0,2.0
splice_sites_acceptors,epoch19_mcc0.8794.pt,0.8566,0.8374,0.833,0.0001,0.45,0.45,0.1,2.0
splice_sites_acceptors,epoch19_mcc0.8794.pt,0.8566,0.8474,0.8448,0.0001,0.5,0.3,0.2,2.0
splice_sites_all,epoch17_mcc0.8740.pt,0.8384,0.8013,0.8007,0.0001,0.5,0.5,0.0,2.0
splice_sites_donors,epoch12_mcc0.9054.pt,0.8589,0.9142,0.8754,0.0001,0.45,0.45,0.1,2.0
splice_sites_donors,epoch12_mcc0.9054.pt,0.8589,0.7798,0.7517,0.0001,0.5,0.3,0.2,2.0
H3K9ac,epoch2_mcc0.6609.pt,0.626,0.565,0.5362,0.0001,0.5,0.5,0.0,2.0
splice_sites_all,epoch17_mcc0.8740.pt,0.8384,0.7912,0.7821,0.0001,0.45,0.45,0.1,2.0
splice_sites_all,epoch17_mcc0.8740.pt,0.8384,0.8316,0.8353,0.0001,0.5,0.3,0.2,2.0
enhancers_types,epoch3_mcc0.6176.pt,0.5991,0.4856,0.4545,0.0001,0.5,0.5,0.0,2.0
H3K9ac,epoch2_mcc0.6609.pt,0.626,0.5561,0.525,0.0001,0.45,0.45,0.1,2.0
H3K9ac,epoch2_mcc0.6609.pt,0.626,0.563,0.5324,0.0001,0.5,0.3,0.2,2.0
H3K4me1,epoch2_mcc0.5806.pt,0.5603,0.4872,0.4701,0.0001,0.5,0.5,0.0,2.0
enhancers_types,epoch3_mcc0.6176.pt,0.5991,0.4777,0.4781,0.0001,0.45,0.45,0.1,2.0
enhancers_types,epoch3_mcc0.6176.pt,0.5991,0.4727,0.4588,0.0001,0.5,0.3,0.2,2.0
H3K4me2,epoch1_mcc0.6895.pt,0.6801,0.6045,0.5431,0.0001,0.5,0.5,0.0,2.0
H3K4me3,epoch2_mcc0.7514.pt,0.6788,0.688,0.6502,0.0001,0.5,0.5,0.0,2.0
H3K4me1,epoch2_mcc0.5806.pt,0.5603,0.4882,0.4699,0.0001,0.45,0.45,0.1,2.0
H3K4me1,epoch2_mcc0.5806.pt,0.5603,0.4811,0.4713,0.0001,0.5,0.3,0.2,2.0
H2AFZ,epoch1_mcc0.5819.pt,0.6066,0.5177,0.52,0.0001,0.5,0.5,0.0,2.0
H3K4me2,epoch1_mcc0.6895.pt,0.6801,0.6046,0.5189,0.0001,0.45,0.45,0.1,2.0
H3K4me2,epoch1_mcc0.6895.pt,0.6801,0.5941,0.5504,0.0001,0.5,0.3,0.2,2.0
H3K27me3,epoch1_mcc0.6270.pt,0.6165,0.6006,0.5801,0.0001,0.5,0.5,0.0,2.0
H3K4me3,epoch2_mcc0.7514.pt,0.6788,0.6765,0.6271,0.0001,0.45,0.45,0.1,2.0
H3K4me3,epoch2_mcc0.7514.pt,0.6788,0.6759,0.619,0.0001,0.5,0.3,0.2,2.0
H3K36me3,epoch2_mcc0.6677.pt,0.6218,0.6279,0.5914,0.0001,0.5,0.5,0.0,2.0
H2AFZ,epoch1_mcc0.5819.pt,0.6066,0.519,0.4888,0.0001,0.45,0.45,0.1,2.0
H2AFZ,epoch1_mcc0.5819.pt,0.6066,0.5315,0.4942,0.0001,0.5,0.3,0.2,2.0
H4K20me1,epoch1_mcc0.6785.pt,0.6481,0.6347,0.6323,0.0001,0.5,0.5,0.0,2.0
H3K27me3,epoch1_mcc0.6270.pt,0.6165,0.5984,0.5741,0.0001,0.45,0.45,0.1,2.0
H3K27me3,epoch1_mcc0.6270.pt,0.6165,0.5972,0.5775,0.0001,0.5,0.3,0.2,2.0
H3K27ac,epoch2_mcc0.6073.pt,0.5784,0.4841,0.4585,0.0001,0.5,0.5,0.0,2.0
promoter_tata,epoch6_mcc0.7601.pt,0.8252,0.8343,0.7937,0.0001,0.5,0.5,0.0,2.0
H3K36me3,epoch2_mcc0.6677.pt,0.6218,0.6199,0.5861,0.0001,0.45,0.45,0.1,2.0
H3K36me3,epoch2_mcc0.6677.pt,0.6218,0.6215,0.5982,0.0001,0.5,0.3,0.2,2.0
H3K9me3,epoch2_mcc0.5227.pt,0.5038,0.4205,0.4112,0.0001,0.5,0.5,0.0,2.0
H4K20me1,epoch1_mcc0.6785.pt,0.6481,0.6434,0.6052,0.0001,0.45,0.45,0.1,2.0
H4K20me1,epoch1_mcc0.6785.pt,0.6481,0.6155,0.6165,0.0001,0.5,0.3,0.2,2.0
promoter_all,epoch2_mcc0.7591.pt,0.7452,0.733,0.7422,0.0001,0.5,0.5,0.0,2.0
H3K27ac,epoch2_mcc0.6073.pt,0.5784,0.4845,0.5012,0.0001,0.45,0.45,0.1,2.0
H3K27ac,epoch2_mcc0.6073.pt,0.5784,0.4821,0.4736,0.0001,0.5,0.3,0.2,2.0
promoter_no_tata,epoch3_mcc0.7820.pt,0.7791,0.7627,0.7151,0.0001,0.5,0.5,0.0,2.0
promoter_tata,epoch6_mcc0.7601.pt,0.8252,0.8192,0.8302,0.0001,0.45,0.45,0.1,2.0
promoter_tata,epoch6_mcc0.7601.pt,0.8252,0.8356,0.7847,0.0001,0.5,0.3,0.2,2.0
enhancers,epoch3_mcc0.6668.pt,0.6435,0.5204,0.5169,0.0001,0.5,0.5,0.0,2.0
H3K9me3,epoch2_mcc0.5227.pt,0.5038,0.4151,0.4245,0.0001,0.45,0.45,0.1,2.0
H3K9me3,epoch2_mcc0.5227.pt,0.5038,0.4165,0.4319,0.0001,0.5,0.3,0.2,2.0
promoter_all,epoch2_mcc0.7591.pt,0.7452,0.7347,0.7299,0.0001,0.45,0.45,0.1,2.0
promoter_all,epoch2_mcc0.7591.pt,0.7452,0.7235,0.735,0.0001,0.5,0.3,0.2,2.0
promoter_no_tata,epoch3_mcc0.7820.pt,0.7791,0.7525,0.7319,0.0001,0.45,0.45,0.1,2.0
promoter_no_tata,epoch3_mcc0.7820.pt,0.7791,0.7619,0.7365,0.0001,0.5,0.3,0.2,2.0
enhancers,epoch3_mcc0.6668.pt,0.6435,0.5126,0.4837,0.0001,0.45,0.45,0.1,2.0
enhancers,epoch3_mcc0.6668.pt,0.6435,0.5141,0.5164,0.0001,0.5,0.3,0.2,2.0
