task_name	teacher_checkpoint	teacher_test_mcc	student_best_val_mcc	student_test_mcc	hyperparameters	distill_method
splice_sites_acceptors	epoch19_mcc0.8794.pt	0.8566	0.8382	0.8002	{'lr': 0.0001, 'lambda_ce': 0.5, 'distill_method': 'vanilla', 'temperature': 4.0, 'lambda_kl': 0.3, 'lambda_mse': 0.2, 'dkd_alpha': 1.0, 'dkd_beta': 8.0, 'dist_beta': 2.0, 'dist_gamma': 2.0}	vanilla
splice_sites_acceptors	epoch19_mcc0.8794.pt	0.8566	0.8314	0.81	{'lr': 0.0001, 'lambda_ce': 0.5, 'distill_method': 'logit_standard', 'temperature': 4.0, 'lambda_kl': 0.3, 'lambda_mse': 0.2, 'dkd_alpha': 1.0, 'dkd_beta': 8.0, 'dist_beta': 2.0, 'dist_gamma': 2.0}	logit_standard
splice_sites_acceptors	epoch19_mcc0.8794.pt	0.8566	0.8296	0.8152	{'lr': 0.0001, 'lambda_ce': 0.5, 'distill_method': 'dkd', 'temperature': 4.0, 'lambda_kl': 0.3, 'lambda_mse': 0.2, 'dkd_alpha': 1.0, 'dkd_beta': 8.0, 'dist_beta': 2.0, 'dist_gamma': 2.0}	dkd
splice_sites_acceptors	epoch19_mcc0.8794.pt	0.8566	0.7301	0.7426	{'lr': 0.0001, 'lambda_ce': 0.5, 'distill_method': 'dist', 'lambda_kl': 0.3, 'lambda_mse': 0.2, 'dist_beta': 2.0, 'dist_gamma': 2.0, 'temperature': 4.0, 'dkd_alpha': 1.0, 'dkd_beta': 8.0}	dist
splice_sites_donors	epoch12_mcc0.9054.pt	0.8589	0.9154	0.8834	{'lr': 0.0001, 'lambda_ce': 0.5, 'distill_method': 'vanilla', 'temperature': 4.0, 'lambda_kl': 0.3, 'lambda_mse': 0.2, 'dkd_alpha': 1.0, 'dkd_beta': 8.0, 'dist_beta': 2.0, 'dist_gamma': 2.0}	vanilla
splice_sites_donors	epoch12_mcc0.9054.pt	0.8589	0.8254	0.8011	{'lr': 0.0001, 'lambda_ce': 0.5, 'distill_method': 'logit_standard', 'temperature': 4.0, 'lambda_kl': 0.3, 'lambda_mse': 0.2, 'dkd_alpha': 1.0, 'dkd_beta': 8.0, 'dist_beta': 2.0, 'dist_gamma': 2.0}	logit_standard
splice_sites_donors	epoch12_mcc0.9054.pt	0.8589	0.7787	0.7633	{'lr': 0.0001, 'lambda_ce': 0.5, 'distill_method': 'dkd', 'temperature': 4.0, 'lambda_kl': 0.3, 'lambda_mse': 0.2, 'dkd_alpha': 1.0, 'dkd_beta': 8.0, 'dist_beta': 2.0, 'dist_gamma': 2.0}	dkd
splice_sites_acceptors	epoch19_mcc0.8794.pt	0.8566	0.8181	0.8227	{'lr': 0.0001, 'lambda_ce': 0.5, 'distill_method': 'vanilla', 'temperature': 4.0, 'lambda_kl': 0.3, 'lambda_mse': 0.2, 'dkd_alpha': 1.0, 'dkd_beta': 8.0, 'dist_beta': 2.0, 'dist_gamma': 2.0}	vanilla
splice_sites_acceptors	epoch19_mcc0.8794.pt	0.8566	0.6727	0.664	{'lr': 0.0001, 'lambda_ce': 0.5, 'distill_method': 'logit_standard', 'temperature': 4.0, 'lambda_kl': 0.3, 'lambda_mse': 0.2, 'dkd_alpha': 1.0, 'dkd_beta': 8.0, 'dist_beta': 2.0, 'dist_gamma': 2.0}	logit_standard
splice_sites_acceptors	epoch19_mcc0.8794.pt	0.8566	0.846	0.8273	{'lr': 0.0001, 'lambda_ce': 0.5, 'distill_method': 'dkd', 'temperature': 4.0, 'lambda_kl': 0.3, 'lambda_mse': 0.2, 'dkd_alpha': 1.0, 'dkd_beta': 8.0, 'dist_beta': 2.0, 'dist_gamma': 2.0}	dkd
splice_sites_acceptors	epoch19_mcc0.8794.pt	0.8566	0.7722	0.7503	{'lr': 0.0001, 'lambda_ce': 0.5, 'distill_method': 'dist', 'lambda_kl': 0.3, 'lambda_mse': 0.2, 'dist_beta': 2.0, 'dist_gamma': 2.0, 'temperature': 4.0, 'dkd_alpha': 1.0, 'dkd_beta': 8.0}	dist
splice_sites_donors	epoch12_mcc0.9054.pt	0.8589	0.904	0.8626	{'lr': 0.0001, 'lambda_ce': 0.5, 'distill_method': 'vanilla', 'temperature': 4.0, 'lambda_kl': 0.3, 'lambda_mse': 0.2, 'dkd_alpha': 1.0, 'dkd_beta': 8.0, 'dist_beta': 2.0, 'dist_gamma': 2.0}	vanilla
splice_sites_donors	epoch12_mcc0.9054.pt	0.8589	0.8509	0.8233	{'lr': 0.0001, 'lambda_ce': 0.5, 'distill_method': 'logit_standard', 'temperature': 4.0, 'lambda_kl': 0.3, 'lambda_mse': 0.2, 'dkd_alpha': 1.0, 'dkd_beta': 8.0, 'dist_beta': 2.0, 'dist_gamma': 2.0}	logit_standard
splice_sites_donors	epoch12_mcc0.9054.pt	0.8589	0.9013	0.8681	{'lr': 0.0001, 'lambda_ce': 0.5, 'distill_method': 'dkd', 'temperature': 4.0, 'lambda_kl': 0.3, 'lambda_mse': 0.2, 'dkd_alpha': 1.0, 'dkd_beta': 8.0, 'dist_beta': 2.0, 'dist_gamma': 2.0}	dkd
splice_sites_donors	epoch12_mcc0.9054.pt	0.8589	0.8994	0.8653	{'lr': 0.0001, 'lambda_ce': 0.5, 'distill_method': 'dist', 'lambda_kl': 0.3, 'lambda_mse': 0.2, 'dist_beta': 2.0, 'dist_gamma': 2.0, 'temperature': 4.0, 'dkd_alpha': 1.0, 'dkd_beta': 8.0}	dist
splice_sites_all	epoch17_mcc0.8740.pt	0.8384	0.8545	0.847	{'lr': 0.0001, 'lambda_ce': 0.5, 'distill_method': 'vanilla', 'temperature': 4.0, 'lambda_kl': 0.3, 'lambda_mse': 0.2, 'dkd_alpha': 1.0, 'dkd_beta': 8.0, 'dist_beta': 2.0, 'dist_gamma': 2.0}	vanilla
splice_sites_all	epoch17_mcc0.8740.pt	0.8384	0.8396	0.819	{'lr': 0.0001, 'lambda_ce': 0.5, 'distill_method': 'logit_standard', 'temperature': 4.0, 'lambda_kl': 0.3, 'lambda_mse': 0.2, 'dkd_alpha': 1.0, 'dkd_beta': 8.0, 'dist_beta': 2.0, 'dist_gamma': 2.0}	logit_standard
splice_sites_all	epoch17_mcc0.8740.pt	0.8384	0.6952	0.6673	{'lr': 0.0001, 'lambda_ce': 0.5, 'distill_method': 'dkd', 'temperature': 4.0, 'lambda_kl': 0.3, 'lambda_mse': 0.2, 'dkd_alpha': 1.0, 'dkd_beta': 8.0, 'dist_beta': 2.0, 'dist_gamma': 2.0}	dkd
splice_sites_all	epoch17_mcc0.8740.pt	0.8384	0.845	0.8325	{'lr': 0.0001, 'lambda_ce': 0.5, 'distill_method': 'dist', 'lambda_kl': 0.3, 'lambda_mse': 0.2, 'dist_beta': 2.0, 'dist_gamma': 2.0, 'temperature': 4.0, 'dkd_alpha': 1.0, 'dkd_beta': 8.0}	dist
H3K9ac	epoch2_mcc0.6609.pt	0.626	0.5631	0.5101	{'lr': 0.0001, 'lambda_ce': 0.5, 'distill_method': 'vanilla', 'temperature': 4.0, 'lambda_kl': 0.3, 'lambda_mse': 0.2, 'dkd_alpha': 1.0, 'dkd_beta': 8.0, 'dist_beta': 2.0, 'dist_gamma': 2.0}	vanilla
H3K9ac	epoch2_mcc0.6609.pt	0.626	0.5406	0.4989	{'lr': 0.0001, 'lambda_ce': 0.5, 'distill_method': 'logit_standard', 'temperature': 4.0, 'lambda_kl': 0.3, 'lambda_mse': 0.2, 'dkd_alpha': 1.0, 'dkd_beta': 8.0, 'dist_beta': 2.0, 'dist_gamma': 2.0}	logit_standard
H3K9ac	epoch2_mcc0.6609.pt	0.626	0.5391	0.5144	{'lr': 0.0001, 'lambda_ce': 0.5, 'distill_method': 'dkd', 'temperature': 4.0, 'lambda_kl': 0.3, 'lambda_mse': 0.2, 'dkd_alpha': 1.0, 'dkd_beta': 8.0, 'dist_beta': 2.0, 'dist_gamma': 2.0}	dkd
H3K9ac	epoch2_mcc0.6609.pt	0.626	0.5142	0.4812	{'lr': 0.0001, 'lambda_ce': 0.5, 'distill_method': 'dist', 'lambda_kl': 0.3, 'lambda_mse': 0.2, 'dist_beta': 2.0, 'dist_gamma': 2.0, 'temperature': 4.0, 'dkd_alpha': 1.0, 'dkd_beta': 8.0}	dist
enhancers_types	epoch3_mcc0.6176.pt	0.5991	0.4873	0.4756	{'lr': 0.0001, 'lambda_ce': 0.5, 'distill_method': 'vanilla', 'temperature': 4.0, 'lambda_kl': 0.3, 'lambda_mse': 0.2, 'dkd_alpha': 1.0, 'dkd_beta': 8.0, 'dist_beta': 2.0, 'dist_gamma': 2.0}	vanilla
enhancers_types	epoch3_mcc0.6176.pt	0.5991	0.4679	0.4588	{'lr': 0.0001, 'lambda_ce': 0.5, 'distill_method': 'logit_standard', 'temperature': 4.0, 'lambda_kl': 0.3, 'lambda_mse': 0.2, 'dkd_alpha': 1.0, 'dkd_beta': 8.0, 'dist_beta': 2.0, 'dist_gamma': 2.0}	logit_standard
enhancers_types	epoch3_mcc0.6176.pt	0.5991	0.4646	0.4685	{'lr': 0.0001, 'lambda_ce': 0.5, 'distill_method': 'dkd', 'temperature': 4.0, 'lambda_kl': 0.3, 'lambda_mse': 0.2, 'dkd_alpha': 1.0, 'dkd_beta': 8.0, 'dist_beta': 2.0, 'dist_gamma': 2.0}	dkd
enhancers_types	epoch3_mcc0.6176.pt	0.5991	0.4802	0.4837	{'lr': 0.0001, 'lambda_ce': 0.5, 'distill_method': 'dist', 'lambda_kl': 0.3, 'lambda_mse': 0.2, 'dist_beta': 2.0, 'dist_gamma': 2.0, 'temperature': 4.0, 'dkd_alpha': 1.0, 'dkd_beta': 8.0}	dist
H3K4me1	epoch2_mcc0.5806.pt	0.5603	0.4913	0.4861	{'lr': 0.0001, 'lambda_ce': 0.5, 'distill_method': 'vanilla', 'temperature': 4.0, 'lambda_kl': 0.3, 'lambda_mse': 0.2, 'dkd_alpha': 1.0, 'dkd_beta': 8.0, 'dist_beta': 2.0, 'dist_gamma': 2.0}	vanilla
H3K4me1	epoch2_mcc0.5806.pt	0.5603	0.4633	0.4438	{'lr': 0.0001, 'lambda_ce': 0.5, 'distill_method': 'logit_standard', 'temperature': 4.0, 'lambda_kl': 0.3, 'lambda_mse': 0.2, 'dkd_alpha': 1.0, 'dkd_beta': 8.0, 'dist_beta': 2.0, 'dist_gamma': 2.0}	logit_standard
H3K4me1	epoch2_mcc0.5806.pt	0.5603	0.484	0.4584	{'lr': 0.0001, 'lambda_ce': 0.5, 'distill_method': 'dkd', 'temperature': 4.0, 'lambda_kl': 0.3, 'lambda_mse': 0.2, 'dkd_alpha': 1.0, 'dkd_beta': 8.0, 'dist_beta': 2.0, 'dist_gamma': 2.0}	dkd
H3K4me1	epoch2_mcc0.5806.pt	0.5603	0.4493	0.422	{'lr': 0.0001, 'lambda_ce': 0.5, 'distill_method': 'dist', 'lambda_kl': 0.3, 'lambda_mse': 0.2, 'dist_beta': 2.0, 'dist_gamma': 2.0, 'temperature': 4.0, 'dkd_alpha': 1.0, 'dkd_beta': 8.0}	dist
H3K4me2	epoch1_mcc0.6895.pt	0.6801	0.6021	0.5394	{'lr': 0.0001, 'lambda_ce': 0.5, 'distill_method': 'vanilla', 'temperature': 4.0, 'lambda_kl': 0.3, 'lambda_mse': 0.2, 'dkd_alpha': 1.0, 'dkd_beta': 8.0, 'dist_beta': 2.0, 'dist_gamma': 2.0}	vanilla
H3K4me2	epoch1_mcc0.6895.pt	0.6801	0.5777	0.5314	{'lr': 0.0001, 'lambda_ce': 0.5, 'distill_method': 'logit_standard', 'temperature': 4.0, 'lambda_kl': 0.3, 'lambda_mse': 0.2, 'dkd_alpha': 1.0, 'dkd_beta': 8.0, 'dist_beta': 2.0, 'dist_gamma': 2.0}	logit_standard
H3K4me2	epoch1_mcc0.6895.pt	0.6801	0.5815	0.5481	{'lr': 0.0001, 'lambda_ce': 0.5, 'distill_method': 'dkd', 'temperature': 4.0, 'lambda_kl': 0.3, 'lambda_mse': 0.2, 'dkd_alpha': 1.0, 'dkd_beta': 8.0, 'dist_beta': 2.0, 'dist_gamma': 2.0}	dkd
H3K4me2	epoch1_mcc0.6895.pt	0.6801	0.5979	0.5358	{'lr': 0.0001, 'lambda_ce': 0.5, 'distill_method': 'dist', 'lambda_kl': 0.3, 'lambda_mse': 0.2, 'dist_beta': 2.0, 'dist_gamma': 2.0, 'temperature': 4.0, 'dkd_alpha': 1.0, 'dkd_beta': 8.0}	dist
H3K4me3	epoch2_mcc0.7514.pt	0.6788	0.679	0.619	{'lr': 0.0001, 'lambda_ce': 0.5, 'distill_method': 'vanilla', 'temperature': 4.0, 'lambda_kl': 0.3, 'lambda_mse': 0.2, 'dkd_alpha': 1.0, 'dkd_beta': 8.0, 'dist_beta': 2.0, 'dist_gamma': 2.0}	vanilla
H3K4me3	epoch2_mcc0.7514.pt	0.6788	0.662	0.6313	{'lr': 0.0001, 'lambda_ce': 0.5, 'distill_method': 'logit_standard', 'temperature': 4.0, 'lambda_kl': 0.3, 'lambda_mse': 0.2, 'dkd_alpha': 1.0, 'dkd_beta': 8.0, 'dist_beta': 2.0, 'dist_gamma': 2.0}	logit_standard
H3K4me3	epoch2_mcc0.7514.pt	0.6788	0.6573	0.6022	{'lr': 0.0001, 'lambda_ce': 0.5, 'distill_method': 'dkd', 'temperature': 4.0, 'lambda_kl': 0.3, 'lambda_mse': 0.2, 'dkd_alpha': 1.0, 'dkd_beta': 8.0, 'dist_beta': 2.0, 'dist_gamma': 2.0}	dkd
H3K4me3	epoch2_mcc0.7514.pt	0.6788	0.6777	0.6175	{'lr': 0.0001, 'lambda_ce': 0.5, 'distill_method': 'dist', 'lambda_kl': 0.3, 'lambda_mse': 0.2, 'dist_beta': 2.0, 'dist_gamma': 2.0, 'temperature': 4.0, 'dkd_alpha': 1.0, 'dkd_beta': 8.0}	dist
H2AFZ	epoch1_mcc0.5819.pt	0.6066	0.5202	0.4838	{'lr': 0.0001, 'lambda_ce': 0.5, 'distill_method': 'vanilla', 'temperature': 4.0, 'lambda_kl': 0.3, 'lambda_mse': 0.2, 'dkd_alpha': 1.0, 'dkd_beta': 8.0, 'dist_beta': 2.0, 'dist_gamma': 2.0}	vanilla
H2AFZ	epoch1_mcc0.5819.pt	0.6066	0.5023	0.4655	{'lr': 0.0001, 'lambda_ce': 0.5, 'distill_method': 'logit_standard', 'temperature': 4.0, 'lambda_kl': 0.3, 'lambda_mse': 0.2, 'dkd_alpha': 1.0, 'dkd_beta': 8.0, 'dist_beta': 2.0, 'dist_gamma': 2.0}	logit_standard
H2AFZ	epoch1_mcc0.5819.pt	0.6066	0.5178	0.4901	{'lr': 0.0001, 'lambda_ce': 0.5, 'distill_method': 'dkd', 'temperature': 4.0, 'lambda_kl': 0.3, 'lambda_mse': 0.2, 'dkd_alpha': 1.0, 'dkd_beta': 8.0, 'dist_beta': 2.0, 'dist_gamma': 2.0}	dkd
H2AFZ	epoch1_mcc0.5819.pt	0.6066	0.4772	0.4569	{'lr': 0.0001, 'lambda_ce': 0.5, 'distill_method': 'dist', 'lambda_kl': 0.3, 'lambda_mse': 0.2, 'dist_beta': 2.0, 'dist_gamma': 2.0, 'temperature': 4.0, 'dkd_alpha': 1.0, 'dkd_beta': 8.0}	dist
H3K27me3	epoch1_mcc0.6270.pt	0.6165	0.592	0.5745	{'lr': 0.0001, 'lambda_ce': 0.5, 'distill_method': 'vanilla', 'temperature': 4.0, 'lambda_kl': 0.3, 'lambda_mse': 0.2, 'dkd_alpha': 1.0, 'dkd_beta': 8.0, 'dist_beta': 2.0, 'dist_gamma': 2.0}	vanilla
H3K27me3	epoch1_mcc0.6270.pt	0.6165	0.5784	0.5555	{'lr': 0.0001, 'lambda_ce': 0.5, 'distill_method': 'logit_standard', 'temperature': 4.0, 'lambda_kl': 0.3, 'lambda_mse': 0.2, 'dkd_alpha': 1.0, 'dkd_beta': 8.0, 'dist_beta': 2.0, 'dist_gamma': 2.0}	logit_standard
H3K27me3	epoch1_mcc0.6270.pt	0.6165	0.5896	0.5583	{'lr': 0.0001, 'lambda_ce': 0.5, 'distill_method': 'dkd', 'temperature': 4.0, 'lambda_kl': 0.3, 'lambda_mse': 0.2, 'dkd_alpha': 1.0, 'dkd_beta': 8.0, 'dist_beta': 2.0, 'dist_gamma': 2.0}	dkd
H3K27me3	epoch1_mcc0.6270.pt	0.6165	0.5824	0.569	{'lr': 0.0001, 'lambda_ce': 0.5, 'distill_method': 'dist', 'lambda_kl': 0.3, 'lambda_mse': 0.2, 'dist_beta': 2.0, 'dist_gamma': 2.0, 'temperature': 4.0, 'dkd_alpha': 1.0, 'dkd_beta': 8.0}	dist
H3K36me3	epoch2_mcc0.6677.pt	0.6218	0.6144	0.5865	{'lr': 0.0001, 'lambda_ce': 0.5, 'distill_method': 'vanilla', 'temperature': 4.0, 'lambda_kl': 0.3, 'lambda_mse': 0.2, 'dkd_alpha': 1.0, 'dkd_beta': 8.0, 'dist_beta': 2.0, 'dist_gamma': 2.0}	vanilla
H3K36me3	epoch2_mcc0.6677.pt	0.6218	0.6058	0.5584	{'lr': 0.0001, 'lambda_ce': 0.5, 'distill_method': 'logit_standard', 'temperature': 4.0, 'lambda_kl': 0.3, 'lambda_mse': 0.2, 'dkd_alpha': 1.0, 'dkd_beta': 8.0, 'dist_beta': 2.0, 'dist_gamma': 2.0}	logit_standard
H3K36me3	epoch2_mcc0.6677.pt	0.6218	0.6105	0.5713	{'lr': 0.0001, 'lambda_ce': 0.5, 'distill_method': 'dkd', 'temperature': 4.0, 'lambda_kl': 0.3, 'lambda_mse': 0.2, 'dkd_alpha': 1.0, 'dkd_beta': 8.0, 'dist_beta': 2.0, 'dist_gamma': 2.0}	dkd
H3K36me3	epoch2_mcc0.6677.pt	0.6218	0.6065	0.5668	{'lr': 0.0001, 'lambda_ce': 0.5, 'distill_method': 'dist', 'lambda_kl': 0.3, 'lambda_mse': 0.2, 'dist_beta': 2.0, 'dist_gamma': 2.0, 'temperature': 4.0, 'dkd_alpha': 1.0, 'dkd_beta': 8.0}	dist
H4K20me1	epoch1_mcc0.6785.pt	0.6481	0.6313	0.6348	{'lr': 0.0001, 'lambda_ce': 0.5, 'distill_method': 'vanilla', 'temperature': 4.0, 'lambda_kl': 0.3, 'lambda_mse': 0.2, 'dkd_alpha': 1.0, 'dkd_beta': 8.0, 'dist_beta': 2.0, 'dist_gamma': 2.0}	vanilla
H4K20me1	epoch1_mcc0.6785.pt	0.6481	0.6044	0.609	{'lr': 0.0001, 'lambda_ce': 0.5, 'distill_method': 'logit_standard', 'temperature': 4.0, 'lambda_kl': 0.3, 'lambda_mse': 0.2, 'dkd_alpha': 1.0, 'dkd_beta': 8.0, 'dist_beta': 2.0, 'dist_gamma': 2.0}	logit_standard
H4K20me1	epoch1_mcc0.6785.pt	0.6481	0.6152	0.6173	{'lr': 0.0001, 'lambda_ce': 0.5, 'distill_method': 'dkd', 'temperature': 4.0, 'lambda_kl': 0.3, 'lambda_mse': 0.2, 'dkd_alpha': 1.0, 'dkd_beta': 8.0, 'dist_beta': 2.0, 'dist_gamma': 2.0}	dkd
H4K20me1	epoch1_mcc0.6785.pt	0.6481	0.6271	0.6243	{'lr': 0.0001, 'lambda_ce': 0.5, 'distill_method': 'dist', 'lambda_kl': 0.3, 'lambda_mse': 0.2, 'dist_beta': 2.0, 'dist_gamma': 2.0, 'temperature': 4.0, 'dkd_alpha': 1.0, 'dkd_beta': 8.0}	dist
H3K27ac	epoch2_mcc0.6073.pt	0.5784	0.4837	0.4653	{'lr': 0.0001, 'lambda_ce': 0.5, 'distill_method': 'vanilla', 'temperature': 4.0, 'lambda_kl': 0.3, 'lambda_mse': 0.2, 'dkd_alpha': 1.0, 'dkd_beta': 8.0, 'dist_beta': 2.0, 'dist_gamma': 2.0}	vanilla
H3K27ac	epoch2_mcc0.6073.pt	0.5784	0.4606	0.4502	{'lr': 0.0001, 'lambda_ce': 0.5, 'distill_method': 'logit_standard', 'temperature': 4.0, 'lambda_kl': 0.3, 'lambda_mse': 0.2, 'dkd_alpha': 1.0, 'dkd_beta': 8.0, 'dist_beta': 2.0, 'dist_gamma': 2.0}	logit_standard
H3K27ac	epoch2_mcc0.6073.pt	0.5784	0.4738	0.4401	{'lr': 0.0001, 'lambda_ce': 0.5, 'distill_method': 'dkd', 'temperature': 4.0, 'lambda_kl': 0.3, 'lambda_mse': 0.2, 'dkd_alpha': 1.0, 'dkd_beta': 8.0, 'dist_beta': 2.0, 'dist_gamma': 2.0}	dkd
H3K27ac	epoch2_mcc0.6073.pt	0.5784	0.4365	0.4503	{'lr': 0.0001, 'lambda_ce': 0.5, 'distill_method': 'dist', 'lambda_kl': 0.3, 'lambda_mse': 0.2, 'dist_beta': 2.0, 'dist_gamma': 2.0, 'temperature': 4.0, 'dkd_alpha': 1.0, 'dkd_beta': 8.0}	dist
promoter_tata	epoch6_mcc0.7601.pt	0.8252	0.8383	0.8303	{'lr': 0.0001, 'lambda_ce': 0.5, 'distill_method': 'vanilla', 'temperature': 4.0, 'lambda_kl': 0.3, 'lambda_mse': 0.2, 'dkd_alpha': 1.0, 'dkd_beta': 8.0, 'dist_beta': 2.0, 'dist_gamma': 2.0}	vanilla
promoter_tata	epoch6_mcc0.7601.pt	0.8252	0.8546	0.7937	{'lr': 0.0001, 'lambda_ce': 0.5, 'distill_method': 'logit_standard', 'temperature': 4.0, 'lambda_kl': 0.3, 'lambda_mse': 0.2, 'dkd_alpha': 1.0, 'dkd_beta': 8.0, 'dist_beta': 2.0, 'dist_gamma': 2.0}	logit_standard
promoter_tata	epoch6_mcc0.7601.pt	0.8252	0.8505	0.8115	{'lr': 0.0001, 'lambda_ce': 0.5, 'distill_method': 'dkd', 'temperature': 4.0, 'lambda_kl': 0.3, 'lambda_mse': 0.2, 'dkd_alpha': 1.0, 'dkd_beta': 8.0, 'dist_beta': 2.0, 'dist_gamma': 2.0}	dkd
promoter_tata	epoch6_mcc0.7601.pt	0.8252	0.7645	0.7493	{'lr': 0.0001, 'lambda_ce': 0.5, 'distill_method': 'dist', 'lambda_kl': 0.3, 'lambda_mse': 0.2, 'dist_beta': 2.0, 'dist_gamma': 2.0, 'temperature': 4.0, 'dkd_alpha': 1.0, 'dkd_beta': 8.0}	dist
H3K9me3	epoch2_mcc0.5227.pt	0.5038	0.4308	0.4095	{'lr': 0.0001, 'lambda_ce': 0.5, 'distill_method': 'vanilla', 'temperature': 4.0, 'lambda_kl': 0.3, 'lambda_mse': 0.2, 'dkd_alpha': 1.0, 'dkd_beta': 8.0, 'dist_beta': 2.0, 'dist_gamma': 2.0}	vanilla
H3K9me3	epoch2_mcc0.5227.pt	0.5038	0.4026	0.4263	{'lr': 0.0001, 'lambda_ce': 0.5, 'distill_method': 'logit_standard', 'temperature': 4.0, 'lambda_kl': 0.3, 'lambda_mse': 0.2, 'dkd_alpha': 1.0, 'dkd_beta': 8.0, 'dist_beta': 2.0, 'dist_gamma': 2.0}	logit_standard
H3K9me3	epoch2_mcc0.5227.pt	0.5038	0.4068	0.4142	{'lr': 0.0001, 'lambda_ce': 0.5, 'distill_method': 'dkd', 'temperature': 4.0, 'lambda_kl': 0.3, 'lambda_mse': 0.2, 'dkd_alpha': 1.0, 'dkd_beta': 8.0, 'dist_beta': 2.0, 'dist_gamma': 2.0}	dkd
H3K9me3	epoch2_mcc0.5227.pt	0.5038	0.4112	0.4439	{'lr': 0.0001, 'lambda_ce': 0.5, 'distill_method': 'dist', 'lambda_kl': 0.3, 'lambda_mse': 0.2, 'dist_beta': 2.0, 'dist_gamma': 2.0, 'temperature': 4.0, 'dkd_alpha': 1.0, 'dkd_beta': 8.0}	dist
promoter_all	epoch2_mcc0.7591.pt	0.7452	0.733	0.7228	{'lr': 0.0001, 'lambda_ce': 0.5, 'distill_method': 'vanilla', 'temperature': 4.0, 'lambda_kl': 0.3, 'lambda_mse': 0.2, 'dkd_alpha': 1.0, 'dkd_beta': 8.0, 'dist_beta': 2.0, 'dist_gamma': 2.0}	vanilla
promoter_all	epoch2_mcc0.7591.pt	0.7452	0.7317	0.7363	{'lr': 0.0001, 'lambda_ce': 0.5, 'distill_method': 'logit_standard', 'temperature': 4.0, 'lambda_kl': 0.3, 'lambda_mse': 0.2, 'dkd_alpha': 1.0, 'dkd_beta': 8.0, 'dist_beta': 2.0, 'dist_gamma': 2.0}	logit_standard
promoter_all	epoch2_mcc0.7591.pt	0.7452	0.7221	0.7096	{'lr': 0.0001, 'lambda_ce': 0.5, 'distill_method': 'dkd', 'temperature': 4.0, 'lambda_kl': 0.3, 'lambda_mse': 0.2, 'dkd_alpha': 1.0, 'dkd_beta': 8.0, 'dist_beta': 2.0, 'dist_gamma': 2.0}	dkd
promoter_all	epoch2_mcc0.7591.pt	0.7452	0.7275	0.7374	{'lr': 0.0001, 'lambda_ce': 0.5, 'distill_method': 'dist', 'lambda_kl': 0.3, 'lambda_mse': 0.2, 'dist_beta': 2.0, 'dist_gamma': 2.0, 'temperature': 4.0, 'dkd_alpha': 1.0, 'dkd_beta': 8.0}	dist
promoter_no_tata	epoch3_mcc0.7820.pt	0.7791	0.7731	0.7152	{'lr': 0.0001, 'lambda_ce': 0.5, 'distill_method': 'vanilla', 'temperature': 4.0, 'lambda_kl': 0.3, 'lambda_mse': 0.2, 'dkd_alpha': 1.0, 'dkd_beta': 8.0, 'dist_beta': 2.0, 'dist_gamma': 2.0}	vanilla
promoter_no_tata	epoch3_mcc0.7820.pt	0.7791	0.7485	0.7083	{'lr': 0.0001, 'lambda_ce': 0.5, 'distill_method': 'logit_standard', 'temperature': 4.0, 'lambda_kl': 0.3, 'lambda_mse': 0.2, 'dkd_alpha': 1.0, 'dkd_beta': 8.0, 'dist_beta': 2.0, 'dist_gamma': 2.0}	logit_standard
promoter_no_tata	epoch3_mcc0.7820.pt	0.7791	0.7435	0.7186	{'lr': 0.0001, 'lambda_ce': 0.5, 'distill_method': 'dkd', 'temperature': 4.0, 'lambda_kl': 0.3, 'lambda_mse': 0.2, 'dkd_alpha': 1.0, 'dkd_beta': 8.0, 'dist_beta': 2.0, 'dist_gamma': 2.0}	dkd
promoter_no_tata	epoch3_mcc0.7820.pt	0.7791	0.7645	0.7219	{'lr': 0.0001, 'lambda_ce': 0.5, 'distill_method': 'dist', 'lambda_kl': 0.3, 'lambda_mse': 0.2, 'dist_beta': 2.0, 'dist_gamma': 2.0, 'temperature': 4.0, 'dkd_alpha': 1.0, 'dkd_beta': 8.0}	dist
enhancers	epoch3_mcc0.6668.pt	0.6435	0.5053	0.4949	{'lr': 0.0001, 'lambda_ce': 0.5, 'distill_method': 'vanilla', 'temperature': 4.0, 'lambda_kl': 0.3, 'lambda_mse': 0.2, 'dkd_alpha': 1.0, 'dkd_beta': 8.0, 'dist_beta': 2.0, 'dist_gamma': 2.0}	vanilla
enhancers	epoch3_mcc0.6668.pt	0.6435	0.5072	0.4806	{'lr': 0.0001, 'lambda_ce': 0.5, 'distill_method': 'logit_standard', 'temperature': 4.0, 'lambda_kl': 0.3, 'lambda_mse': 0.2, 'dkd_alpha': 1.0, 'dkd_beta': 8.0, 'dist_beta': 2.0, 'dist_gamma': 2.0}	logit_standard
enhancers	epoch3_mcc0.6668.pt	0.6435	0.5012	0.4969	{'lr': 0.0001, 'lambda_ce': 0.5, 'distill_method': 'dkd', 'temperature': 4.0, 'lambda_kl': 0.3, 'lambda_mse': 0.2, 'dkd_alpha': 1.0, 'dkd_beta': 8.0, 'dist_beta': 2.0, 'dist_gamma': 2.0}	dkd
enhancers	epoch3_mcc0.6668.pt	0.6435	0.4363	0.449	{'lr': 0.0001, 'lambda_ce': 0.5, 'distill_method': 'dist', 'lambda_kl': 0.3, 'lambda_mse': 0.2, 'dist_beta': 2.0, 'dist_gamma': 2.0, 'temperature': 4.0, 'dkd_alpha': 1.0, 'dkd_beta': 8.0}	dist