model,params,task,n_test,gpu_time_s,gpu_flag,cpu_wholetask_splice_N3000_s,cpu_peak_rss_mb,gpu_peak_mem_mb
NT-2.5B,2.54B,H2AFZ,3000,277.9814,measured,,,
NT-2.5B,2.54B,H3K27me3,3000,281.0369,measured,,,
NT-2.5B,2.54B,H3K36me3,3000,280.7781,measured,,,
NT-2.5B,2.54B,H3K4me1,3000,281.0347,measured,,,
NT-2.5B,2.54B,enhancers,3000,281.3977,measured,,,
NT-2.5B,2.54B,enhancers_types,3000,281.2846,measured,,,
NT-2.5B,2.54B,splice_sites_all,3000,278.7861,measured,,,
NT-2.5B,2.54B,splice_sites_acceptors,3000,288.75,measured,,,
NT-2.5B,2.54B,splice_sites_donors,3000,292.404,measured,,,
NT-2.5B,2.54B,H4K20me1,2270,212.2141,measured,,,
NT-2.5B,2.54B,H3K4me2,2138,200.2146,measured,,,
NT-2.5B,2.54B,H3K27ac,1616,150.7256,measured,,,
NT-2.5B,2.54B,promoter_all,1584,147.9982,measured,,,
NT-2.5B,2.54B,promoter_no_tata,1372,128.5313,measured,,,
NT-2.5B,2.54B,H3K9ac,1004,94.0854,measured,,,
NT-2.5B,2.54B,H3K9me3,850,80.5999,measured,,,
NT-2.5B,2.54B,H3K4me3,776,73.1043,measured,,,
NT-2.5B,2.54B,promoter_tata,212,20.9539,measured,,,
Carbon-3B,3.45B,H2AFZ,3000,53.1167,measured,,,
Carbon-3B,3.45B,H3K27me3,3000,53.3967,measured,,,
Carbon-3B,3.45B,H3K36me3,3000,53.3245,measured,,,
Carbon-3B,3.45B,H3K4me1,3000,53.3814,measured,,,
Carbon-3B,3.45B,enhancers,3000,22.7463,measured,,,
Carbon-3B,3.45B,enhancers_types,3000,22.7184,measured,,,
Carbon-3B,3.45B,splice_sites_all,3000,35.0249,measured,,,
Carbon-3B,3.45B,splice_sites_acceptors,3000,34.9863,measured,,,
Carbon-3B,3.45B,splice_sites_donors,3000,34.9743,measured,,,
Carbon-3B,3.45B,H4K20me1,2270,40.4285,measured,,,
Carbon-3B,3.45B,H3K4me2,2138,37.8434,measured,,,
Carbon-3B,3.45B,H3K27ac,1616,28.6236,measured,,,
Carbon-3B,3.45B,promoter_all,1584,9.3673,measured,,,
Carbon-3B,3.45B,promoter_no_tata,1372,8.1357,measured,,,
Carbon-3B,3.45B,H3K9ac,1004,17.8184,measured,,,
Carbon-3B,3.45B,H3K9me3,850,15.3249,measured,,,
Carbon-3B,3.45B,H3K4me3,776,13.9072,measured,,,
Carbon-3B,3.45B,promoter_tata,212,1.3195,measured,,,
DNABERT-2,117M,H2AFZ,3000,20.9938,measured,,,
DNABERT-2,117M,H3K27me3,3000,21.0457,measured,,,
DNABERT-2,117M,H3K36me3,3000,21.0155,measured,,,
DNABERT-2,117M,H3K4me1,3000,21.2253,measured,,,
DNABERT-2,117M,enhancers,3000,19.7461,measured,,,
DNABERT-2,117M,enhancers_types,3000,19.7511,measured,,,
DNABERT-2,117M,splice_sites_all,3000,20.1861,measured,,,
DNABERT-2,117M,splice_sites_acceptors,3000,20.142,measured,,,
DNABERT-2,117M,splice_sites_donors,3000,20.1757,measured,,,
DNABERT-2,117M,H4K20me1,2270,15.928,measured,,,
DNABERT-2,117M,H3K4me2,2138,15.0293,measured,,,
DNABERT-2,117M,H3K27ac,1616,11.2991,measured,,,
DNABERT-2,117M,promoter_all,1584,10.2376,measured,,,
DNABERT-2,117M,promoter_no_tata,1372,8.8975,measured,,,
DNABERT-2,117M,H3K9ac,1004,7.0387,measured,,,
DNABERT-2,117M,H3K9me3,850,6.037,measured,,,
DNABERT-2,117M,H3K4me3,776,5.4837,measured,,,
DNABERT-2,117M,promoter_tata,212,1.4492,measured,,,
Enformer,251M,H2AFZ,3000,4.032,measured_fp32,,,
Enformer,251M,H3K27me3,3000,3.897,measured_fp32,,,
Enformer,251M,H3K36me3,3000,3.862,measured_fp32,,,
Enformer,251M,H3K4me1,3000,3.896,measured_fp32,,,
Enformer,251M,enhancers,3000,3.962,measured_fp32,,,
Enformer,251M,enhancers_types,3000,3.943,measured_fp32,,,
Enformer,251M,splice_sites_all,3000,3.857,measured_fp32,,,
Enformer,251M,splice_sites_acceptors,3000,3.944,measured_fp32,,,
Enformer,251M,splice_sites_donors,3000,3.89,measured_fp32,,,
Enformer,251M,H4K20me1,2270,2.982,measured_fp32,,,
Enformer,251M,H3K4me2,2138,2.9,measured_fp32,,,
Enformer,251M,H3K27ac,1616,2.161,measured_fp32,,,
Enformer,251M,promoter_all,1584,2.062,measured_fp32,,,
Enformer,251M,promoter_no_tata,1372,1.762,measured_fp32,,,
Enformer,251M,H3K9ac,1004,1.371,measured_fp32,,,
Enformer,251M,H3K9me3,850,1.163,measured_fp32,,,
Enformer,251M,H3K4me3,776,1.023,measured_fp32,,,
Enformer,251M,promoter_tata,212,0.331,measured_fp32,,,
Caduceus,7.7M,H2AFZ,3000,13.0245,measured,,,
Caduceus,7.7M,H3K27me3,3000,13.1751,measured,,,
Caduceus,7.7M,H3K36me3,3000,13.3725,measured,,,
Caduceus,7.7M,H3K4me1,3000,13.1867,measured,,,
Caduceus,7.7M,enhancers,3000,13.1341,measured,,,
Caduceus,7.7M,enhancers_types,3000,13.3562,measured,,,
Caduceus,7.7M,splice_sites_all,3000,13.067,measured,,,
Caduceus,7.7M,splice_sites_acceptors,3000,13.044,measured,,,
Caduceus,7.7M,splice_sites_donors,3000,13.1499,measured,,,
Caduceus,7.7M,H4K20me1,2270,10.0214,measured,,,
Caduceus,7.7M,H3K4me2,2138,9.3663,measured,,,
Caduceus,7.7M,H3K27ac,1616,7.071,measured,,,
Caduceus,7.7M,promoter_all,1584,7.062,measured,,,
Caduceus,7.7M,promoter_no_tata,1372,6.0187,measured,,,
Caduceus,7.7M,H3K9ac,1004,4.4048,measured,,,
Caduceus,7.7M,H3K9me3,850,3.7858,measured,,,
Caduceus,7.7M,H3K4me3,776,3.4461,measured,,,
Caduceus,7.7M,promoter_tata,212,1.2285,measured,,,
BPNet-student,0.12M,H2AFZ,3000,0.3976,measured,,,
BPNet-student,0.12M,H3K27me3,3000,0.399,measured,,,
BPNet-student,0.12M,H3K36me3,3000,0.4689,measured,,,
BPNet-student,0.12M,H3K4me1,3000,0.4341,measured,,,
BPNet-student,0.12M,enhancers,3000,0.4115,measured,,,
BPNet-student,0.12M,enhancers_types,3000,0.3579,measured,,,
BPNet-student,0.12M,splice_sites_all,3000,0.4735,measured,,,
BPNet-student,0.12M,splice_sites_acceptors,3000,0.3879,measured,,,
BPNet-student,0.12M,splice_sites_donors,3000,0.4599,measured,,,
BPNet-student,0.12M,H4K20me1,2270,0.3389,measured,,,
BPNet-student,0.12M,H3K4me2,2138,0.3706,measured,,,
BPNet-student,0.12M,H3K27ac,1616,0.2619,measured,,,
BPNet-student,0.12M,promoter_all,1584,0.2034,measured,,,
BPNet-student,0.12M,promoter_no_tata,1372,0.2024,measured,,,
BPNet-student,0.12M,H3K9ac,1004,0.1363,measured,,,
BPNet-student,0.12M,H3K9me3,850,0.1206,measured,,,
BPNet-student,0.12M,H3K4me3,776,0.097,measured,,,
BPNet-student,0.12M,promoter_tata,212,0.0303,measured,,,
NT-2.5B,2.54B,ALL_18_TOTAL,38822,3651.88,18/18_measured,29881.58,25569.0,11553
Carbon-3B,3.45B,ALL_18_TOTAL,38822,536.44,18/18_measured,23818.63,8380.0,8004
DNABERT-2,117M,ALL_18_TOTAL,38822,265.68,18/18_measured,1418.58,1382.0,3074
Enformer,251M,ALL_18_TOTAL,38822,51.04,18/18_measured_fp32,113.16,3124.0,1184
Caduceus,7.7M,ALL_18_TOTAL,38822,170.91,18/18_measured,15208.57,1533.0,489
BPNet-student,0.12M,ALL_18_TOTAL,38822,5.55,18/18_measured,2.65,789.0,17
