Task,Family,Type,Score,Std
H2AFZ,Caduceus,Student,0.4867,0.0124
H3K27ac,Caduceus,Student,0.4577,0.0076
H3K27me3,Caduceus,Student,0.5596,0.004
H3K36me3,Caduceus,Student,0.5799,0.0115
H3K4me1,Caduceus,Student,0.4711,0.0037
H3K4me2,Caduceus,Student,0.5463,0.0079
H3K4me3,Caduceus,Student,0.6115,0.0079
H3K9ac,Caduceus,Student,0.5035,0.0146
H3K9me3,Caduceus,Student,0.422,0.0166
H4K20me1,Caduceus,Student,0.607,0.0102
enhancers,Caduceus,Student,0.5028,0.0059
enhancers_types,Caduceus,Student,0.4771,0.008
promoter_all,Caduceus,Student,0.7211,0.0041
promoter_no_tata,Caduceus,Student,0.7373,0.006
promoter_tata,Caduceus,Student,0.7996,0.0347
splice_sites_acceptors,Caduceus,Student,0.8122,0.0076
splice_sites_all,Caduceus,Student,0.8394,0.0075
splice_sites_donors,Caduceus,Student,0.8168,0.0336
H2AFZ,Carbon-3B,Student,0.493,0.0079
H3K27ac,Carbon-3B,Student,0.4669,0.0052
H3K27me3,Carbon-3B,Student,0.5752,0.0039
H3K36me3,Carbon-3B,Student,0.5677,0.0052
H3K4me1,Carbon-3B,Student,0.4741,0.0068
H3K4me2,Carbon-3B,Student,0.5457,0.0043
H3K4me3,Carbon-3B,Student,0.602,0.0132
H3K9ac,Carbon-3B,Student,0.5154,0.0087
H3K9me3,Carbon-3B,Student,0.4082,0.0084
H4K20me1,Carbon-3B,Student,0.6191,0.0046
enhancers,Carbon-3B,Student,0.5016,0.0052
enhancers_types,Carbon-3B,Student,0.4594,0.004
promoter_all,Carbon-3B,Student,0.7287,0.0078
promoter_no_tata,Carbon-3B,Student,0.7294,0.0062
promoter_tata,Carbon-3B,Student,0.8157,0.0085
splice_sites_acceptors,Carbon-3B,Student,0.8643,0.0113
splice_sites_all,Carbon-3B,Student,0.8974,0.0274
splice_sites_donors,Carbon-3B,Student,0.8901,0.015
H2AFZ,DNABERT-2,Student,0.4812,0.0057
H3K27ac,DNABERT-2,Student,0.4494,0.0155
H3K27me3,DNABERT-2,Student,0.5493,0.0042
H3K36me3,DNABERT-2,Student,0.5617,0.0052
H3K4me1,DNABERT-2,Student,0.4611,0.0036
H3K4me2,DNABERT-2,Student,0.5411,0.0063
H3K4me3,DNABERT-2,Student,0.6119,0.0128
H3K9ac,DNABERT-2,Student,0.5026,0.0112
H3K9me3,DNABERT-2,Student,0.3905,0.0173
H4K20me1,DNABERT-2,Student,0.6053,0.008
enhancers,DNABERT-2,Student,0.4971,0.001
enhancers_types,DNABERT-2,Student,0.459,0.0099
promoter_all,DNABERT-2,Student,0.7233,0.0044
promoter_no_tata,DNABERT-2,Student,0.7161,0.0083
promoter_tata,DNABERT-2,Student,0.834,0.0494
splice_sites_acceptors,DNABERT-2,Student,0.8457,0.0074
splice_sites_all,DNABERT-2,Student,0.8301,0.0107
splice_sites_donors,DNABERT-2,Student,0.8607,0.0243
H2AFZ,Enformer,Student,0.5047,0.0061
H3K27ac,Enformer,Student,0.4614,0.0066
H3K27me3,Enformer,Student,0.5882,0.007
H3K36me3,Enformer,Student,0.5929,0.0012
H3K4me1,Enformer,Student,0.4749,0.0016
H3K4me2,Enformer,Student,0.5427,0.0132
H3K4me3,Enformer,Student,0.6272,0.0071
H3K9ac,Enformer,Student,0.5137,0.0046
H3K9me3,Enformer,Student,0.4294,0.008
H4K20me1,Enformer,Student,0.6177,0.0052
enhancers,Enformer,Student,0.5061,0.0058
enhancers_types,Enformer,Student,0.4696,0.0045
promoter_all,Enformer,Student,0.7281,0.0048
promoter_no_tata,Enformer,Student,0.7402,0.0045
promoter_tata,Enformer,Student,0.7969,0.0194
splice_sites_acceptors,Enformer,Student,0.8525,0.0128
splice_sites_all,Enformer,Student,0.8277,0.0116
splice_sites_donors,Enformer,Student,0.8903,0.0125
H2AFZ,NT-2.5B,Student,0.4905,0.0029
H3K27ac,NT-2.5B,Student,0.4831,0.0058
H3K27me3,NT-2.5B,Student,0.5794,0.0058
H3K36me3,NT-2.5B,Student,0.5867,0.0012
H3K4me1,NT-2.5B,Student,0.4751,0.0079
H3K4me2,NT-2.5B,Student,0.5469,0.0057
H3K4me3,NT-2.5B,Student,0.6269,0.0103
H3K9ac,NT-2.5B,Student,0.5243,0.0086
H3K9me3,NT-2.5B,Student,0.4454,0.0109
H4K20me1,NT-2.5B,Student,0.6309,0.011
enhancers,NT-2.5B,Student,0.5026,0.0084
enhancers_types,NT-2.5B,Student,0.4727,0.0099
promoter_all,NT-2.5B,Student,0.7343,0.0107
promoter_no_tata,NT-2.5B,Student,0.7474,0.0042
promoter_tata,NT-2.5B,Student,0.8002,0.0061
splice_sites_acceptors,NT-2.5B,Student,0.8599,0.009
splice_sites_all,NT-2.5B,Student,0.8495,0.0133
splice_sites_donors,NT-2.5B,Student,0.9313,0.0084
H3K9ac,BPNet,Baseline,0.52134,0.0
H3K9ac,DNABERT-2,Teacher,0.53237,0.0
H3K9ac,Enformer,Teacher,0.63638,0.0
H3K9ac,NT-2.5B,Teacher,0.53832327,0.0
H3K9ac,Caduceus,Teacher,0.53722,0.0
H3K27ac,BPNet,Baseline,0.42754,0.0
H3K27ac,DNABERT-2,Teacher,0.51289,0.0
H3K27ac,Enformer,Teacher,0.5451,0.0
H3K27ac,NT-2.5B,Teacher,0.522573268,0.0
H3K27ac,Caduceus,Teacher,0.47796,0.0
enhancers,BPNet,Baseline,0.47267,0.0
enhancers,DNABERT-2,Teacher,0.54418,0.0
enhancers,Enformer,Teacher,0.65099,0.0
enhancers,NT-2.5B,Teacher,0.507693649,0.0
enhancers,Caduceus,Teacher,0.51375,0.0
enhancers_types,BPNet,Baseline,0.453,0.0
enhancers_types,DNABERT-2,Teacher,0.51178,0.0
enhancers_types,Enformer,Teacher,0.59294,0.0
enhancers_types,NT-2.5B,Teacher,0.473265852,0.0
enhancers_types,Caduceus,Teacher,0.49228,0.0
promoter_all,BPNet,Baseline,0.67679,0.0
promoter_all,DNABERT-2,Teacher,0.76396,0.0
promoter_all,Enformer,Teacher,0.74647,0.0
promoter_all,NT-2.5B,Teacher,0.73374,0.0
promoter_all,Caduceus,Teacher,0.76154,0.0
promoter_tata,BPNet,Baseline,0.78333,0.0
promoter_tata,DNABERT-2,Teacher,0.90582,0.0
promoter_tata,Enformer,Teacher,0.76584,0.0
promoter_tata,NT-2.5B,Teacher,0.9476,0.0
promoter_tata,Caduceus,Teacher,0.81496,0.0
promoter_no_tata,BPNet,Baseline,0.69826,0.0
promoter_no_tata,DNABERT-2,Teacher,0.77019,0.0
promoter_no_tata,Enformer,Teacher,0.7659,0.0
promoter_no_tata,NT-2.5B,Teacher,0.7531,0.0
promoter_no_tata,Caduceus,Teacher,0.7675,0.0
H3K4me1,BPNet,Baseline,0.46064,0.0
H3K4me1,DNABERT-2,Teacher,0.51208,0.0
H3K4me1,Enformer,Teacher,0.56812,0.0
H3K4me1,NT-2.5B,Teacher,0.479414067,0.0
H3K4me1,Caduceus,Teacher,0.4902,0.0
H3K4me2,BPNet,Baseline,0.53658,0.0
H3K4me2,DNABERT-2,Teacher,0.56252,0.0
H3K4me2,Enformer,Teacher,0.63124,0.0
H3K4me2,NT-2.5B,Teacher,0.556654317,0.0
H3K4me2,Caduceus,Teacher,0.55484,0.0
H3K4me3,BPNet,Baseline,0.62384,0.0
H3K4me3,DNABERT-2,Teacher,0.63931,0.0
H3K4me3,Enformer,Teacher,0.64848,0.0
H3K4me3,NT-2.5B,Teacher,0.632808114,0.0
H3K4me3,Caduceus,Teacher,0.63665,0.0
H2AFZ,BPNet,Baseline,0.4568,0.0
H2AFZ,DNABERT-2,Teacher,0.48564,0.0
H2AFZ,Enformer,Teacher,0.56217,0.0
H2AFZ,NT-2.5B,Teacher,0.510011906,0.0
H2AFZ,Caduceus,Teacher,0.50129,0.0
H3K27me3,BPNet,Baseline,0.54969,0.0
H3K27me3,DNABERT-2,Teacher,0.60376,0.0
H3K27me3,Enformer,Teacher,0.57781,0.0
H3K27me3,NT-2.5B,Teacher,0.611405927,0.0
H3K27me3,Caduceus,Teacher,0.58968,0.0
H3K36me3,BPNet,Baseline,0.55461,0.0
H3K36me3,DNABERT-2,Teacher,0.64535,0.0
H3K36me3,Enformer,Teacher,0.58053,0.0
H3K36me3,NT-2.5B,Teacher,0.653046675,0.0
H3K36me3,Caduceus,Teacher,0.60672,0.0
H3K9me3,BPNet,Baseline,0.32946,0.0
H3K9me3,DNABERT-2,Teacher,0.50377,0.0
H3K9me3,Enformer,Teacher,0.49418,0.0
H3K9me3,NT-2.5B,Teacher,0.463561624,0.0
H3K9me3,Caduceus,Teacher,0.45532,0.0
H4K20me1,BPNet,Baseline,0.60608,0.0
H4K20me1,DNABERT-2,Teacher,0.6424,0.0
H4K20me1,Enformer,Teacher,0.63323,0.0
H4K20me1,NT-2.5B,Teacher,0.655704093,0.0
H4K20me1,Caduceus,Teacher,0.6275,0.0
splice_sites_donors,BPNet,Baseline,0.85273,0.0
splice_sites_donors,DNABERT-2,Teacher,0.84534,0.0
splice_sites_donors,Enformer,Teacher,0.85665,0.0
splice_sites_donors,NT-2.5B,Teacher,0.970110204,0.0
splice_sites_donors,Caduceus,Teacher,0.7307,0.0
splice_sites_all,BPNet,Baseline,0.7571,0.0
splice_sites_all,DNABERT-2,Teacher,0.86448,0.0
splice_sites_all,Enformer,Teacher,0.83829,0.0
splice_sites_all,NT-2.5B,Teacher,0.954118811,0.0
splice_sites_all,Caduceus,Teacher,0.72975,0.0
splice_sites_acceptors,BPNet,Baseline,0.82799,0.0
splice_sites_acceptors,DNABERT-2,Teacher,0.834,0.0
splice_sites_acceptors,Enformer,Teacher,0.84664,0.0
splice_sites_acceptors,NT-2.5B,Teacher,0.955175662,0.0
splice_sites_acceptors,Caduceus,Teacher,0.7256,0.0
H2AFZ,Carbon-3B,Teacher,0.5138934004275322,0.0
H3K27ac,Carbon-3B,Teacher,0.4086581555471983,0.0
H3K27me3,Carbon-3B,Teacher,0.6026541511968219,0.0
H3K36me3,Carbon-3B,Teacher,0.608295752304769,0.0
H3K4me1,Carbon-3B,Teacher,0.4757799948802187,0.0
H3K4me2,Carbon-3B,Teacher,0.5856004186748309,0.0
H3K4me3,Carbon-3B,Teacher,0.6532783808219426,0.0
H3K9ac,Carbon-3B,Teacher,0.5358576368989549,0.0
H3K9me3,Carbon-3B,Teacher,0.3502282641336323,0.0
H4K20me1,Carbon-3B,Teacher,0.6711769444959546,0.0
enhancers,Carbon-3B,Teacher,0.5369466495428454,0.0
enhancers_types,Carbon-3B,Teacher,0.5492346819627704,0.0
promoter_all,Carbon-3B,Teacher,0.7745296713025749,0.0
promoter_no_tata,Carbon-3B,Teacher,0.7818805257369318,0.0
promoter_tata,Carbon-3B,Teacher,0.971741356487122,0.0
splice_sites_acceptors,Carbon-3B,Teacher,0.9733446058823734,0.0
splice_sites_all,Carbon-3B,Teacher,0.9720178517017776,0.0
splice_sites_donors,Carbon-3B,Teacher,0.9780025010870148,0.0
