task_name,num_test_samples,teacher_checkpoint,teacher_test_mcc,teacher_avg_latency_ms_per_sample,teacher_total_inference_time_s,student_checkpoint,student_val_mcc,student_test_mcc,student_avg_latency_ms_per_sample,student_total_inference_time_s,teacher_total_time_ms,student_total_time_ms,speedup_factor
splice_sites_acceptors,3000,epoch19_mcc0.8794.pt,0.8566,1.5929,4.78,epoch119_valmcc_0.8460_dkd.pt,0.846,0.8273,0.093,0.28,4778.7,279.0,17.127956989247313
splice_sites_donors,3000,epoch12_mcc0.9054.pt,0.8589,1.1835,3.55,epoch88_valmcc_0.9040_vanilla.pt,0.904,0.8626,0.1023,0.31,3550.5,306.90000000000003,11.56891495601173
splice_sites_all,3000,epoch17_mcc0.8740.pt,0.8384,1.314,3.94,epoch95_valmcc_0.8545_vanilla.pt,0.8545,0.847,0.0762,0.23,3942.0,228.60000000000002,17.244094488188978
H3K9ac,1004,epoch2_mcc0.6609.pt,0.626,1.227,1.23,epoch49_valmcc_0.5631_vanilla.pt,0.5631,0.5101,0.1171,0.12,1231.9080000000001,117.5684,10.478223740392828
enhancers_types,3000,epoch3_mcc0.6176.pt,0.5991,1.1955,3.59,epoch49_valmcc_0.4873_vanilla.pt,0.4873,0.4756,0.0789,0.24,3586.5,236.7,15.152091254752852
H3K4me1,3000,epoch2_mcc0.5806.pt,0.5603,1.2089,3.63,epoch41_valmcc_0.4913_vanilla.pt,0.4913,0.4861,0.0829,0.25,3626.7000000000003,248.70000000000002,14.582629674306395
H3K4me2,2138,epoch1_mcc0.6895.pt,0.6801,1.2207,2.61,epoch31_valmcc_0.6021_vanilla.pt,0.6021,0.5394,0.088,0.19,2609.8565999999996,188.14399999999998,13.871590909090909
H3K4me3,776,epoch2_mcc0.7514.pt,0.6788,1.1985,0.93,epoch91_valmcc_0.6790_vanilla.pt,0.679,0.619,0.2041,0.16,930.036,158.3816,5.872121509064184
H2AFZ,3000,epoch1_mcc0.5819.pt,0.6066,1.2036,3.61,epoch34_valmcc_0.5202_vanilla.pt,0.5202,0.4838,0.078,0.23,3610.8,234.0,15.430769230769231
H3K27me3,3000,epoch1_mcc0.6270.pt,0.6165,1.1896,3.57,epoch40_valmcc_0.5920_vanilla.pt,0.592,0.5745,0.0759,0.23,3568.8,227.7,15.673254281949935
H3K36me3,3000,epoch2_mcc0.6677.pt,0.6218,1.1951,3.59,epoch41_valmcc_0.6144_vanilla.pt,0.6144,0.5865,0.0766,0.23,3585.3,229.8,15.601827676240209
H4K20me1,2270,epoch1_mcc0.6785.pt,0.6481,1.6063,3.65,epoch38_valmcc_0.6313_vanilla.pt,0.6313,0.6348,0.0857,0.19,3646.301,194.539,18.74329054842474
H3K27ac,1616,epoch2_mcc0.6073.pt,0.5784,1.2153,1.96,epoch39_valmcc_0.4837_vanilla.pt,0.4837,0.4653,0.0846,0.14,1963.9248,136.71359999999999,14.365248226950357
promoter_tata,212,epoch6_mcc0.7601.pt,0.8252,1.4122,0.3,epoch133_valmcc_0.8546_logit_standard.pt,0.8546,0.7937,0.1414,0.03,299.3864,29.9768,9.987270155586987
H3K9me3,850,epoch2_mcc0.5227.pt,0.5038,1.4482,1.23,epoch30_valmcc_0.4308_vanilla.pt,0.4308,0.4095,0.0987,0.08,1230.97,83.895,14.67274569402229
promoter_all,1584,epoch2_mcc0.7591.pt,0.7452,1.3131,2.08,epoch69_valmcc_0.7330_vanilla.pt,0.733,0.7228,0.0791,0.13,2079.9503999999997,125.29440000000001,16.600505689001263
promoter_no_tata,1372,epoch3_mcc0.7820.pt,0.7791,1.187,1.63,epoch52_valmcc_0.7731_vanilla.pt,0.7731,0.7152,0.073,0.1,1628.564,100.15599999999999,16.260273972602743
enhancers,3000,epoch3_mcc0.6668.pt,0.6435,1.1914,3.57,epoch24_valmcc_0.5072_logit_standard.pt,0.5072,0.4806,0.0815,0.24,3574.2,244.5,14.61840490797546
