task,method,mcc_mean,mcc_std,n_seeds,hp_note
H2AFZ,OmegaGenome,0.4905,0.0029,3,
H3K27ac,OmegaGenome,0.4831,0.0058,3,
H3K27me3,OmegaGenome,0.5794,0.0058,3,
H3K36me3,OmegaGenome,0.5867,0.0012,3,
H3K4me1,OmegaGenome,0.4751,0.0079,3,
H3K4me2,OmegaGenome,0.5469,0.0057,3,
H3K4me3,OmegaGenome,0.6269,0.0103,3,
H3K9ac,OmegaGenome,0.5243,0.0086,3,
H3K9me3,OmegaGenome,0.4454,0.0109,3,
H4K20me1,OmegaGenome,0.6309,0.011,3,
enhancers,OmegaGenome,0.5026,0.0084,3,
enhancers_types,OmegaGenome,0.4727,0.0099,3,
promoter_all,OmegaGenome,0.7343,0.0107,3,
promoter_no_tata,OmegaGenome,0.7474,0.0042,3,
promoter_tata,OmegaGenome,0.8002,0.0061,3,
splice_sites_acceptors,OmegaGenome,0.8599,0.009,3,
splice_sites_all,OmegaGenome,0.8495,0.0133,3,
splice_sites_donors,OmegaGenome,0.9313,0.0084,3,
H2AFZ,DKD,0.4858546401233409,0.0083840646609048,3,
H3K27ac,DKD,0.4958110658578163,0.0086989879596892,3,
H3K27me3,DKD,0.5711232974496278,0.0086076441316125,3,
H3K36me3,DKD,0.583312571877914,0.0138855272622388,3,
H3K4me1,DKD,0.478379472122905,0.008981755839889,3,
H3K4me2,DKD,0.5467902964934693,0.0008282966198805,3,
H3K4me3,DKD,0.6255811057371267,0.0065646253907796,3,
H3K9ac,DKD,0.5167995192278217,0.020495559972158,3,
H3K9me3,DKD,0.4439386004450663,0.0159856151751679,3,
H4K20me1,DKD,0.6325145543098342,0.0011872480385153,3,
enhancers,DKD,0.4995088695106384,0.0057654404694967,3,
enhancers_types,DKD,0.4711282944250343,0.0035615421342678,3,
promoter_all,DKD,0.7316576949698579,0.0032433400010403,3,
promoter_no_tata,DKD,0.7385112768594354,0.0013968364679812,3,
promoter_tata,DKD,0.7433079250715252,0.057070308018092,3,
splice_sites_acceptors,DKD,0.8535112087273955,0.0285018380921982,3,
splice_sites_all,DKD,0.8550681812291577,0.0139750601120627,3,
splice_sites_donors,DKD,0.9188380906801652,0.0057284412886894,3,
H2AFZ,DIST,0.4281327639707717,0.0701472581874076,3,
H3K27ac,DIST,0.44619731631375653,0.010269986021410726,3,kl0.5_fix
H3K27me3,DIST,0.5539897308115428,0.00230631016619666,3,kl0.5_fix
H3K36me3,DIST,0.5478714440917422,0.005377797832316,3,
H3K4me1,DIST,0.45355127746344887,0.007927014245789154,3,kl0.5_fix
H3K4me2,DIST,0.509150954604555,0.0059643701779601,3,
H3K4me3,DIST,0.5761079357928872,0.0181109266759365,3,
H3K9ac,DIST,0.4287040104508499,0.0088264540328414,3,
H3K9me3,DIST,0.3850189403824247,0.04764868006974219,3,kl0.25_recovered
H4K20me1,DIST,0.5826147229849631,0.0038274336567534,3,
enhancers,DIST,0.49080214377998105,0.010754091733678917,3,kl0.5_fix
enhancers_types,DIST,0.4644248111108811,0.0062418639276463,3,
promoter_all,DIST,0.7082152471312089,0.0128118051217116,3,
promoter_no_tata,DIST,0.7292923059764664,0.0060424305394084,3,
promoter_tata,DIST,0.6513564198108445,0.0146689381283938,3,
splice_sites_acceptors,DIST,0.920508859472172,0.009204398791068819,3,kl0.5_fix
splice_sites_all,DIST,0.8514894206302545,0.0122072728847678,3,
splice_sites_donors,DIST,0.9497788286862158,0.0027021592355552,3,
H2AFZ,LS,0.454793715690083,0.0314683513715117,3,
H3K27ac,LS,0.418654961335215,0.0192777489493808,3,
H3K27me3,LS,0.5423250740891953,0.0128566296433546,3,
H3K36me3,LS,0.5629866005282576,0.0083477311112333,3,
H3K4me1,LS,0.3951818397036443,0.0423313957691178,3,
H3K4me2,LS,0.5308966973557984,0.0065684110092561,3,
H3K4me3,LS,0.6094779178477975,0.0105184000713277,3,
H3K9ac,LS,0.5071495137381136,0.0200129765136883,3,
H3K9me3,LS,0.35297966806186293,0.025637451415403183,3,kl0.25_recovered
H4K20me1,LS,0.5987368816787328,0.0018232717465323,3,
enhancers,LS,0.4488000378126104,0.0408982305797062,3,
enhancers_types,LS,0.4683302202559415,0.0123367506603345,3,
promoter_all,LS,0.7372654488329902,0.0014171742997529,3,
promoter_no_tata,LS,0.723082382876377,0.0023677340928326,3,
promoter_tata,LS,0.824744503514219,0.0443142398613121,3,
splice_sites_acceptors,LS,0.7462326459031883,0.043953274247622444,3,kl0.5_fix
splice_sites_all,LS,0.8375429733142958,0.0123075355837758,3,
splice_sites_donors,LS,0.8233140810085766,0.06869827533951431,3,kl0.5_fix
