task,family,size_key,size_label,params,mcc
H2AFZ,histone,pico,2K,2000.0,0.48127709620299436
H2AFZ,histone,ultra_tiny,7K,7000.0,0.4932126160130658
H2AFZ,histone,extra_tiny,28K,28000.0,0.4930351239390274
H2AFZ,histone,original,0.1M,120000.0,0.4905
H2AFZ,histone,extra_large_fix,0.8M,800000.0,0.4898782377011197
H2AFZ,histone,large,1.8M,1800000.0,0.4828672441974179
H2AFZ,histone,xxlarge,3.6M,3600000.0,0.48797636806096906
H3K27ac,histone,pico,2K,2000.0,0.37610278774082173
H3K27ac,histone,ultra_tiny,7K,7000.0,0.45431091482409475
H3K27ac,histone,extra_tiny,28K,28000.0,0.4941827518527764
H3K27ac,histone,original,0.1M,120000.0,0.4831
H3K27ac,histone,extra_large_fix,0.8M,800000.0,0.48893775957332464
H3K27ac,histone,large,1.8M,1800000.0,0.4855830496996094
H3K27ac,histone,xxlarge,3.6M,3600000.0,0.49464102659417275
H3K27me3,histone,pico,2K,2000.0,0.5420279184211249
H3K27me3,histone,ultra_tiny,7K,7000.0,0.5662227109417928
H3K27me3,histone,extra_tiny,28K,28000.0,0.5812482184678044
H3K27me3,histone,original,0.1M,120000.0,0.5794
H3K27me3,histone,extra_large_fix,0.8M,800000.0,0.5891352769302687
H3K27me3,histone,large,1.8M,1800000.0,0.5740291739576844
H3K27me3,histone,xxlarge,3.6M,3600000.0,0.5789451956613303
H3K36me3,histone,pico,2K,2000.0,0.538994923849797
H3K36me3,histone,ultra_tiny,7K,7000.0,0.5707975994155815
H3K36me3,histone,extra_tiny,28K,28000.0,0.5802412758722124
H3K36me3,histone,original,0.1M,120000.0,0.5867
H3K36me3,histone,extra_large_fix,0.8M,800000.0,0.5781213497843583
H3K36me3,histone,large,1.8M,1800000.0,0.5945507332160211
H3K36me3,histone,xxlarge,3.6M,3600000.0,0.5747183616955767
H3K4me1,histone,pico,2K,2000.0,0.4563413225265916
H3K4me1,histone,ultra_tiny,7K,7000.0,0.4785113168392315
H3K4me1,histone,extra_tiny,28K,28000.0,0.4736214185988426
H3K4me1,histone,original,0.1M,120000.0,0.4751
H3K4me1,histone,extra_large_fix,0.8M,800000.0,0.47602878643904506
H3K4me1,histone,large,1.8M,1800000.0,0.47096479606697944
H3K4me1,histone,xxlarge,3.6M,3600000.0,0.4754026402114088
H3K4me2,histone,pico,2K,2000.0,0.5266408470487777
H3K4me2,histone,ultra_tiny,7K,7000.0,0.5210123621150082
H3K4me2,histone,extra_tiny,28K,28000.0,0.5365394113320878
H3K4me2,histone,original,0.1M,120000.0,0.5469
H3K4me2,histone,extra_large_fix,0.8M,800000.0,0.524588866364904
H3K4me2,histone,large,1.8M,1800000.0,0.5470798409528346
H3K4me2,histone,xxlarge,3.6M,3600000.0,0.5254780438011417
H3K4me3,histone,pico,2K,2000.0,0.616145161790282
H3K4me3,histone,ultra_tiny,7K,7000.0,0.6134346610139774
H3K4me3,histone,extra_tiny,28K,28000.0,0.6069312844812591
H3K4me3,histone,original,0.1M,120000.0,0.6269
H3K4me3,histone,extra_large_fix,0.8M,800000.0,0.6057203994802781
H3K4me3,histone,large,1.8M,1800000.0,0.623785928486339
H3K4me3,histone,xxlarge,3.6M,3600000.0,0.631495735628375
H3K9ac,histone,pico,2K,2000.0,0.49337617669153927
H3K9ac,histone,ultra_tiny,7K,7000.0,0.5192652402618958
H3K9ac,histone,extra_tiny,28K,28000.0,0.5104054229226499
H3K9ac,histone,original,0.1M,120000.0,0.5243
H3K9ac,histone,extra_large_fix,0.8M,800000.0,0.5120344877993811
H3K9ac,histone,large,1.8M,1800000.0,0.5235488543625695
H3K9ac,histone,xxlarge,3.6M,3600000.0,0.5226243864990228
H3K9me3,histone,pico,2K,2000.0,0.4009344755692575
H3K9me3,histone,ultra_tiny,7K,7000.0,0.43063115154044673
H3K9me3,histone,extra_tiny,28K,28000.0,0.4141979929551662
H3K9me3,histone,original,0.1M,120000.0,0.4454
H3K9me3,histone,extra_large_fix,0.8M,800000.0,0.3842491235935795
H3K9me3,histone,large,1.8M,1800000.0,0.3997954023473942
H3K9me3,histone,xxlarge,3.6M,3600000.0,0.4270082392888262
H4K20me1,histone,pico,2K,2000.0,0.596737586842586
H4K20me1,histone,ultra_tiny,7K,7000.0,0.6202388138183343
H4K20me1,histone,extra_tiny,28K,28000.0,0.6236695905363973
H4K20me1,histone,original,0.1M,120000.0,0.6309
H4K20me1,histone,extra_large_fix,0.8M,800000.0,0.6220366074815759
H4K20me1,histone,large,1.8M,1800000.0,0.6292379390789118
H4K20me1,histone,xxlarge,3.6M,3600000.0,0.6179957602135201
promoter_all,promoter,pico,2K,2000.0,0.7159502789263688
promoter_all,promoter,ultra_tiny,7K,7000.0,0.7226079958015114
promoter_all,promoter,extra_tiny,28K,28000.0,0.7483366020294895
promoter_all,promoter,original,0.1M,120000.0,0.7343
promoter_all,promoter,extra_large_fix,0.8M,800000.0,0.7316498943682862
promoter_all,promoter,large,1.8M,1800000.0,0.7424266096182571
promoter_all,promoter,xxlarge,3.6M,3600000.0,0.7581198289444718
promoter_no_tata,promoter,pico,2K,2000.0,0.7278835051344134
promoter_no_tata,promoter,ultra_tiny,7K,7000.0,0.7293870356236014
promoter_no_tata,promoter,extra_tiny,28K,28000.0,0.7594421901017071
promoter_no_tata,promoter,original,0.1M,120000.0,0.7474
promoter_no_tata,promoter,extra_large_fix,0.8M,800000.0,0.7433735971649296
promoter_no_tata,promoter,large,1.8M,1800000.0,0.7485781341364115
promoter_no_tata,promoter,xxlarge,3.6M,3600000.0,0.7498886123334462
promoter_tata,promoter,pico,2K,2000.0,0.6544769522081431
promoter_tata,promoter,ultra_tiny,7K,7000.0,0.6179143806533247
promoter_tata,promoter,extra_tiny,28K,28000.0,0.7379537417933816
promoter_tata,promoter,original,0.1M,120000.0,0.8002
promoter_tata,promoter,extra_large_fix,0.8M,800000.0,0.821669329488253
promoter_tata,promoter,large,1.8M,1800000.0,0.8165701889135352
promoter_tata,promoter,xxlarge,3.6M,3600000.0,0.8269976922437066
enhancers,enhancer,pico,2K,2000.0,0.4659649453697818
enhancers,enhancer,ultra_tiny,7K,7000.0,0.4834101323552089
enhancers,enhancer,extra_tiny,28K,28000.0,0.4780657991072918
enhancers,enhancer,original,0.1M,120000.0,0.5026
enhancers,enhancer,extra_large_fix,0.8M,800000.0,0.5090395272383482
enhancers,enhancer,large,1.8M,1800000.0,0.5131478406135536
enhancers,enhancer,xxlarge,3.6M,3600000.0,0.5212239782410755
enhancers_types,enhancer,pico,2K,2000.0,0.4300453218129629
enhancers_types,enhancer,ultra_tiny,7K,7000.0,0.4295266944837462
enhancers_types,enhancer,extra_tiny,28K,28000.0,0.44151963637952724
enhancers_types,enhancer,original,0.1M,120000.0,0.4727
enhancers_types,enhancer,extra_large_fix,0.8M,800000.0,0.4687460801653193
enhancers_types,enhancer,large,1.8M,1800000.0,0.4663828284263088
enhancers_types,enhancer,xxlarge,3.6M,3600000.0,0.4766719844447546
splice_sites_acceptors,splice,pico,2K,2000.0,0.5585506792660238
splice_sites_acceptors,splice,ultra_tiny,7K,7000.0,0.7093446268077108
splice_sites_acceptors,splice,extra_tiny,28K,28000.0,0.8083928969267397
splice_sites_acceptors,splice,original,0.1M,120000.0,0.8599
splice_sites_acceptors,splice,extra_large_fix,0.8M,800000.0,0.9115076253234449
splice_sites_acceptors,splice,large,1.8M,1800000.0,0.9286920417906438
splice_sites_acceptors,splice,xxlarge,3.6M,3600000.0,0.9241635463685035
splice_sites_donors,splice,pico,2K,2000.0,0.526650430443387
splice_sites_donors,splice,ultra_tiny,7K,7000.0,0.6520571937746775
splice_sites_donors,splice,extra_tiny,28K,28000.0,0.8250414366712188
splice_sites_donors,splice,original,0.1M,120000.0,0.9313
splice_sites_donors,splice,extra_large_fix,0.8M,800000.0,0.8982886493576341
splice_sites_donors,splice,large,1.8M,1800000.0,0.9233235936044928
splice_sites_donors,splice,xxlarge,3.6M,3600000.0,0.9453250312188386
splice_sites_all,splice,pico,2K,2000.0,0.27643866601292677
splice_sites_all,splice,ultra_tiny,7K,7000.0,0.6122865636913132
splice_sites_all,splice,extra_tiny,28K,28000.0,0.8183038735269998
splice_sites_all,splice,original,0.1M,120000.0,0.8832835258926959
splice_sites_all,splice,extra_large_fix,0.8M,800000.0,0.9044407649262095
splice_sites_all,splice,large,1.8M,1800000.0,0.9417706817463158
splice_sites_all,splice,xxlarge,3.6M,3600000.0,0.9506759378125079
